id,ssid,bssid,signal,frequency,auth,akm,cipher,timestamp,longitude,latitude,altitude
1,,6e:42:4e:6b:01:f3,-49,5220,0,[4],0,2026-06-02T14:36:01.128216,0.0,0.0,0.0
2,,6e:42:4e:7b:01:f3,-55,5765,0,[4],0,2026-06-02T14:36:01.129179,0.0,0.0,0.0
3,,6e:42:4e:8b:01:f3,-40,2437,0,[4],0,2026-06-02T14:36:01.129300,0.0,0.0,0.0
4,,6e:42:4e:5b:01:f3,-40,2437,0,[4],0,2026-06-02T14:36:01.129388,0.0,0.0,0.0
5,M&M Lodge,24:e5:0f:4a:91:1a,-38,5745,0,[4],0,2026-06-02T14:36:01.129473,0.0,0.0,0.0
6,Vranes Home Starlink,6e:42:4e:3b:01:f3,-49,5220,0,[4],0,2026-06-02T14:36:01.129607,0.0,0.0,0.0
7,Vranes Home Starlink,6e:42:4e:4b:01:f3,-55,5765,0,[4],0,2026-06-02T14:36:01.129693,0.0,0.0,0.0
8,M&M Lodge,24:e5:0f:4a:7f:2c,-59,5745,0,[4],0,2026-06-02T14:36:01.129775,0.0,0.0,0.0
9,M&M Lodge,24:e5:0f:4a:76:71,-61,5745,0,[4],0,2026-06-02T14:36:01.129857,0.0,0.0,0.0
10,306D4721,0a:b4:b1:03:f8:e9,-70,5745,0,[],0,2026-06-02T14:36:01.129936,0.0,0.0,0.0
11,M&M Lodge,24:e5:0f:4a:7f:28,-18,2412,0,[4],0,2026-06-02T14:36:01.130017,0.0,0.0,0.0
12,M&M Lodge,24:e5:0f:4a:91:16,-30,2437,0,[4],0,2026-06-02T14:36:01.130100,0.0,0.0,0.0
13,Vranes Home Starlink,6e:42:4e:2b:01:f3,-38,2437,0,[4],0,2026-06-02T14:36:01.130182,0.0,0.0,0.0
14,M&M Lodge,24:e5:0f:4a:76:6d,-41,2412,0,[4],0,2026-06-02T14:36:01.130263,0.0,0.0,0.0
15,WACFan_8ADA98,10:97:bd:8a:da:99,-63,2412,0,[4],0,2026-06-02T14:36:01.130344,0.0,0.0,0.0
16,Stunami Internet,c8:7f:54:49:c1:68,-72,2452,0,[4],0,2026-06-02T14:36:01.130425,0.0,0.0,0.0
17,Vranes Backyard Starlink,62:1a:11:2d:e6:16,-73,2462,0,[4],0,2026-06-02T14:36:01.130507,0.0,0.0,0.0
18,,8c:90:2d:21:88:c6,-74,2417,0,[4],0,2026-06-02T14:36:01.130635,0.0,0.0,0.0
19,Brown Hollow 2,8e:a0:2d:21:88:c2,-81,2417,0,[4],0,2026-06-02T14:36:01.130722,0.0,0.0,0.0
20,Huish,1a:60:41:1e:57:50,-83,2422,0,[4],0,2026-06-02T14:36:01.130804,0.0,0.0,0.0
21,Brown Hollow 2,8e:a0:2d:21:88:c6,-84,2417,0,[4],0,2026-06-02T14:36:01.130886,0.0,0.0,0.0
22,Trump2024,e2:db:d1:cb:76:f1,-88,2412,0,[4],0,2026-06-02T14:36:01.130967,0.0,0.0,0.0
23,,e2:db:d1:cb:76:f6,-88,2412,0,[3],0,2026-06-02T14:36:01.131048,0.0,0.0,0.0
24,Brown Hollow 2,8e:a0:2d:21:88:ca,-91,2417,0,[4],0,2026-06-02T14:36:01.131129,0.0,0.0,0.0
25,GDSH,c6:33:7c:c6:8f:b3,-45,2462,0,[],0,2026-06-02T14:36:01.131207,0.0,0.0,0.0
26,,6e:42:4e:6b:01:f3,-49,5220,0,[4],0,2026-06-02T14:36:17.259956,0.0,0.0,0.0
27,,6e:42:4e:7b:01:f3,-53,5765,0,[4],0,2026-06-02T14:36:17.260888,0.0,0.0,0.0
28,,6e:42:4e:8b:01:f3,-40,2437,0,[4],0,2026-06-02T14:36:17.261003,0.0,0.0,0.0
29,,6e:42:4e:5b:01:f3,-40,2437,0,[4],0,2026-06-02T14:36:17.261092,0.0,0.0,0.0
30,M&M Lodge,24:e5:0f:4a:91:1a,-41,5745,0,[4],0,2026-06-02T14:36:17.261178,0.0,0.0,0.0
31,Vranes Home Starlink,6e:42:4e:3b:01:f3,-49,5220,0,[4],0,2026-06-02T14:36:17.261263,0.0,0.0,0.0
32,Vranes Home Starlink,6e:42:4e:4b:01:f3,-53,5765,0,[4],0,2026-06-02T14:36:17.261347,0.0,0.0,0.0
33,M&M Lodge,24:e5:0f:4a:7f:2c,-63,5745,0,[4],0,2026-06-02T14:36:17.261430,0.0,0.0,0.0
34,M&M Lodge,24:e5:0f:4a:76:71,-67,5745,0,[4],0,2026-06-02T14:36:17.261514,0.0,0.0,0.0
35,306D4721,0a:b4:b1:03:f8:e9,-70,5745,0,[],0,2026-06-02T14:36:17.261717,0.0,0.0,0.0
36,M&M Lodge,24:e5:0f:4a:7f:28,-46,2412,0,[4],0,2026-06-02T14:36:17.261804,0.0,0.0,0.0
37,M&M Lodge,24:e5:0f:4a:91:16,-32,2437,0,[4],0,2026-06-02T14:36:17.261890,0.0,0.0,0.0
38,Vranes Home Starlink,6e:42:4e:2b:01:f3,-40,2437,0,[4],0,2026-06-02T14:36:17.261975,0.0,0.0,0.0
39,M&M Lodge,24:e5:0f:4a:76:6d,-43,2412,0,[4],0,2026-06-02T14:36:17.262059,0.0,0.0,0.0
40,WACFan_8ADA98,10:97:bd:8a:da:99,-54,2412,0,[4],0,2026-06-02T14:36:17.262142,0.0,0.0,0.0
41,Stunami Internet,c8:7f:54:49:c1:68,-72,2452,0,[4],0,2026-06-02T14:36:17.262225,0.0,0.0,0.0
42,Vranes Backyard Starlink,62:1a:11:2d:e6:16,-73,2462,0,[4],0,2026-06-02T14:36:17.262308,0.0,0.0,0.0
43,,8c:90:2d:21:88:c6,-74,2417,0,[4],0,2026-06-02T14:36:17.262390,0.0,0.0,0.0
44,Brown Hollow 2,8e:a0:2d:21:88:c2,-81,2417,0,[4],0,2026-06-02T14:36:17.262472,0.0,0.0,0.0
45,Huish,1a:60:41:1e:57:50,-83,2422,0,[4],0,2026-06-02T14:36:17.262591,0.0,0.0,0.0
46,Brown Hollow 2,8e:a0:2d:21:88:c6,-84,2417,0,[4],0,2026-06-02T14:36:17.262679,0.0,0.0,0.0
47,Trump2024,e2:db:d1:cb:76:f1,-88,2412,0,[4],0,2026-06-02T14:36:17.262762,0.0,0.0,0.0
48,,e2:db:d1:cb:76:f6,-88,2412,0,[3],0,2026-06-02T14:36:17.262844,0.0,0.0,0.0
49,Brown Hollow 2,8e:a0:2d:21:88:ca,-91,2417,0,[4],0,2026-06-02T14:36:17.262926,0.0,0.0,0.0
50,GDSH,c6:33:7c:c6:8f:b3,-45,2462,0,[],0,2026-06-02T14:36:17.263004,0.0,0.0,0.0
51,,06:99:12:58:1b:63,-75,2437,0,[4],0,2026-06-02T14:36:17.263086,0.0,0.0,0.0
52,Stupacalypse Now,06:99:12:28:1b:63,-76,2437,0,[4],0,2026-06-02T14:36:17.263170,0.0,0.0,0.0
53,,06:99:12:88:1b:63,-76,2437,0,[4],0,2026-06-02T14:36:17.263252,0.0,0.0,0.0
54,,62:1a:11:5d:e6:16,-88,5805,0,[4],0,2026-06-02T14:36:17.263334,0.0,0.0,0.0
55,Vranes Backyard Starlink,62:1a:11:3d:e6:16,-89,5805,0,[4],0,2026-06-02T14:36:17.263416,0.0,0.0,0.0
56,,6e:42:4e:6b:01:f3,-48,5220,0,[4],0,2026-06-02T14:36:57.179169,0.0,0.0,0.0
57,,6e:42:4e:7b:01:f3,-54,5765,0,[4],0,2026-06-02T14:36:57.179721,0.0,0.0,0.0
58,M&M Lodge,24:e5:0f:4a:91:1a,-43,5745,0,[4],0,2026-06-02T14:36:57.179790,0.0,0.0,0.0
59,Vranes Home Starlink,6e:42:4e:3b:01:f3,-47,5220,0,[4],0,2026-06-02T14:36:57.179850,0.0,0.0,0.0
60,Vranes Home Starlink,6e:42:4e:4b:01:f3,-54,5765,0,[4],0,2026-06-02T14:36:57.179908,0.0,0.0,0.0
61,M&M Lodge,24:e5:0f:4a:7f:2c,-61,5745,0,[4],0,2026-06-02T14:36:57.179984,0.0,0.0,0.0
62,M&M Lodge,24:e5:0f:4a:76:71,-68,5745,0,[4],0,2026-06-02T14:36:57.180042,0.0,0.0,0.0
63,306D4721,0a:b4:b1:03:f8:e9,-69,5745,0,[],0,2026-06-02T14:36:57.180098,0.0,0.0,0.0
64,M&M Lodge,24:e5:0f:4a:7f:28,-18,2412,0,[4],0,2026-06-02T14:36:57.180154,0.0,0.0,0.0
65,M&M Lodge,24:e5:0f:4a:91:16,-32,2437,0,[4],0,2026-06-02T14:36:57.180210,0.0,0.0,0.0
66,Vranes Home Starlink,6e:42:4e:2b:01:f3,-41,2437,0,[4],0,2026-06-02T14:36:57.180267,0.0,0.0,0.0
67,M&M Lodge,24:e5:0f:4a:76:6d,-51,2412,0,[4],0,2026-06-02T14:36:57.180323,0.0,0.0,0.0
68,WACFan_8ADA98,10:97:bd:8a:da:99,-57,2412,0,[4],0,2026-06-02T14:36:57.180379,0.0,0.0,0.0
69,Stunami Internet,c8:7f:54:49:c1:68,-81,2452,0,[4],0,2026-06-02T14:36:57.180435,0.0,0.0,0.0
70,Vranes Backyard Starlink,62:1a:11:2d:e6:16,-72,2462,0,[4],0,2026-06-02T14:36:57.180491,0.0,0.0,0.0
71,Brown Hollow 2,8e:a0:2d:21:88:ca,-72,2417,0,[4],0,2026-06-02T14:36:57.180613,0.0,0.0,0.0
72,GDSH,c6:33:7c:c6:8f:b3,-45,2462,0,[],0,2026-06-02T14:36:57.180670,0.0,0.0,0.0
73,,06:99:12:58:1b:63,-75,2437,0,[4],0,2026-06-02T14:36:57.180726,0.0,0.0,0.0
74,Stupacalypse Now,06:99:12:28:1b:63,-76,2437,0,[4],0,2026-06-02T14:36:57.180781,0.0,0.0,0.0
75,,06:99:12:88:1b:63,-76,2437,0,[4],0,2026-06-02T14:36:57.180837,0.0,0.0,0.0
76,,62:1a:11:5d:e6:16,-88,5805,0,[4],0,2026-06-02T14:36:57.180892,0.0,0.0,0.0
77,Vranes Backyard Starlink,62:1a:11:3d:e6:16,-89,5805,0,[4],0,2026-06-02T14:36:57.180948,0.0,0.0,0.0
78,,8c:90:2d:21:88:ca,-77,2417,0,[4],0,2026-06-02T14:36:57.181002,0.0,0.0,0.0
79,,6e:42:4e:6b:01:f3,-47,5220,0,[4],0,2026-06-02T14:37:13.314270,0.0,0.0,0.0
80,,6e:42:4e:7b:01:f3,-55,5765,0,[4],0,2026-06-02T14:37:13.315333,0.0,0.0,0.0
81,M&M Lodge,24:e5:0f:4a:91:1a,-41,5745,0,[4],0,2026-06-02T14:37:13.315391,0.0,0.0,0.0
82,Vranes Home Starlink,6e:42:4e:3b:01:f3,-47,5220,0,[4],0,2026-06-02T14:37:13.315429,0.0,0.0,0.0
83,Vranes Home Starlink,6e:42:4e:4b:01:f3,-55,5765,0,[4],0,2026-06-02T14:37:13.315465,0.0,0.0,0.0
84,M&M Lodge,24:e5:0f:4a:7f:2c,-61,5745,0,[4],0,2026-06-02T14:37:13.315501,0.0,0.0,0.0
85,M&M Lodge,24:e5:0f:4a:76:71,-72,5745,0,[4],0,2026-06-02T14:37:13.315577,0.0,0.0,0.0
86,306D4721,0a:b4:b1:03:f8:e9,-70,5745,0,[],0,2026-06-02T14:37:13.315613,0.0,0.0,0.0
87,M&M Lodge,24:e5:0f:4a:7f:28,-47,2412,0,[4],0,2026-06-02T14:37:13.315649,0.0,0.0,0.0
88,M&M Lodge,24:e5:0f:4a:91:16,-30,2437,0,[4],0,2026-06-02T14:37:13.315685,0.0,0.0,0.0
89,Vranes Home Starlink,6e:42:4e:2b:01:f3,-43,2437,0,[4],0,2026-06-02T14:37:13.315720,0.0,0.0,0.0
90,M&M Lodge,24:e5:0f:4a:76:6d,-46,2412,0,[4],0,2026-06-02T14:37:13.315755,0.0,0.0,0.0
91,WACFan_8ADA98,10:97:bd:8a:da:99,-56,2412,0,[4],0,2026-06-02T14:37:13.315791,0.0,0.0,0.0
92,Stunami Internet,c8:7f:54:49:c1:68,-81,2452,0,[4],0,2026-06-02T14:37:13.315825,0.0,0.0,0.0
93,Vranes Backyard Starlink,62:1a:11:2d:e6:16,-69,2462,0,[4],0,2026-06-02T14:37:13.315861,0.0,0.0,0.0
94,Brown Hollow 2,8e:a0:2d:21:88:ca,-68,2417,0,[4],0,2026-06-02T14:37:13.315896,0.0,0.0,0.0
95,GDSH,c6:33:7c:c6:8f:b3,-45,2462,0,[],0,2026-06-02T14:37:13.315930,0.0,0.0,0.0
96,,06:99:12:58:1b:63,-75,2437,0,[4],0,2026-06-02T14:37:13.315965,0.0,0.0,0.0
97,Stupacalypse Now,06:99:12:28:1b:63,-76,2437,0,[4],0,2026-06-02T14:37:13.316000,0.0,0.0,0.0
98,,06:99:12:88:1b:63,-76,2437,0,[4],0,2026-06-02T14:37:13.316035,0.0,0.0,0.0
99,,62:1a:11:5d:e6:16,-88,5805,0,[4],0,2026-06-02T14:37:13.316070,0.0,0.0,0.0
100,Vranes Backyard Starlink,62:1a:11:3d:e6:16,-89,5805,0,[4],0,2026-06-02T14:37:13.316106,0.0,0.0,0.0
101,,8c:90:2d:21:88:ca,-72,2417,0,[4],0,2026-06-02T14:37:13.316141,0.0,0.0,0.0
102,,6e:42:4e:5b:01:f3,-39,2437,0,[4],0,2026-06-02T14:37:13.316179,0.0,0.0,0.0
103,,6e:42:4e:8b:01:f3,-43,2437,0,[4],0,2026-06-02T14:37:13.316214,0.0,0.0,0.0
104,,62:1a:11:4d:e6:16,-68,2462,0,[4],0,2026-06-02T14:37:13.316248,0.0,0.0,0.0
105,Brown Hollow 2,8e:a0:2d:21:88:c2,-80,2417,0,[4],0,2026-06-02T14:37:13.316284,0.0,0.0,0.0
106,,1a:60:41:7e:57:50,-86,2422,0,[4],0,2026-06-02T14:37:13.316320,0.0,0.0,0.0
107,ASUS_2G_Guest,3c:7c:3f:97:3a:49,-89,2447,0,[4],0,2026-06-02T14:37:13.316355,0.0,0.0,0.0
108,Simon,3c:7c:3f:97:3a:48,-89,2447,0,[4],0,2026-06-02T14:37:13.316391,0.0,0.0,0.0
109,,6e:42:4e:6b:01:f3,-50,5220,0,[4],0,2026-06-02T14:37:53.230343,0.0,0.0,0.0
110,,6e:42:4e:7b:01:f3,-54,5765,0,[4],0,2026-06-02T14:37:53.231270,0.0,0.0,0.0
111,M&M Lodge,24:e5:0f:4a:91:1a,-43,5745,0,[4],0,2026-06-02T14:37:53.231375,0.0,0.0,0.0
112,Vranes Home Starlink,6e:42:4e:3b:01:f3,-49,5220,0,[4],0,2026-06-02T14:37:53.231462,0.0,0.0,0.0
113,Vranes Home Starlink,6e:42:4e:4b:01:f3,-54,5765,0,[4],0,2026-06-02T14:37:53.231586,0.0,0.0,0.0
114,M&M Lodge,24:e5:0f:4a:7f:2c,-60,5745,0,[4],0,2026-06-02T14:37:53.231677,0.0,0.0,0.0
115,M&M Lodge,24:e5:0f:4a:76:71,-67,5745,0,[4],0,2026-06-02T14:37:53.231762,0.0,0.0,0.0
116,306D4721,0a:b4:b1:03:f8:e9,-70,5745,0,[],0,2026-06-02T14:37:53.231842,0.0,0.0,0.0
117,M&M Lodge,24:e5:0f:4a:7f:28,-44,2412,0,[4],0,2026-06-02T14:37:53.231924,0.0,0.0,0.0
118,M&M Lodge,24:e5:0f:4a:91:16,-28,2437,0,[4],0,2026-06-02T14:37:53.232010,0.0,0.0,0.0
119,Vranes Home Starlink,6e:42:4e:2b:01:f3,-42,2437,0,[4],0,2026-06-02T14:37:53.232093,0.0,0.0,0.0
120,M&M Lodge,24:e5:0f:4a:76:6d,-46,2412,0,[4],0,2026-06-02T14:37:53.232175,0.0,0.0,0.0
121,WACFan_8ADA98,10:97:bd:8a:da:99,-56,2412,0,[4],0,2026-06-02T14:37:53.232256,0.0,0.0,0.0
122,Vranes Backyard Starlink,62:1a:11:2d:e6:16,-69,2462,0,[4],0,2026-06-02T14:37:53.232341,0.0,0.0,0.0
123,Brown Hollow 2,8e:a0:2d:21:88:ca,-71,2417,0,[4],0,2026-06-02T14:37:53.232425,0.0,0.0,0.0
124,GDSH,c6:33:7c:c6:8f:b3,-45,2462,0,[],0,2026-06-02T14:37:53.232503,0.0,0.0,0.0
125,,06:99:12:88:1b:63,-83,2437,0,[4],0,2026-06-02T14:37:53.232622,0.0,0.0,0.0
126,,62:1a:11:5d:e6:16,-91,5805,0,[4],0,2026-06-02T14:37:53.232705,0.0,0.0,0.0
127,Vranes Backyard Starlink,62:1a:11:3d:e6:16,-90,5805,0,[4],0,2026-06-02T14:37:53.232787,0.0,0.0,0.0
128,,8c:90:2d:21:88:ca,-72,2417,0,[4],0,2026-06-02T14:37:53.232869,0.0,0.0,0.0
129,,6e:42:4e:5b:01:f3,-39,2437,0,[4],0,2026-06-02T14:37:53.232952,0.0,0.0,0.0
130,,6e:42:4e:8b:01:f3,-43,2437,0,[4],0,2026-06-02T14:37:53.233034,0.0,0.0,0.0
131,,62:1a:11:4d:e6:16,-68,2462,0,[4],0,2026-06-02T14:37:53.233115,0.0,0.0,0.0
132,Brown Hollow 2,8e:a0:2d:21:88:c2,-80,2417,0,[4],0,2026-06-02T14:37:53.233195,0.0,0.0,0.0
133,,1a:60:41:7e:57:50,-86,2422,0,[4],0,2026-06-02T14:37:53.233278,0.0,0.0,0.0
134,ASUS_2G_Guest,3c:7c:3f:97:3a:49,-89,2447,0,[4],0,2026-06-02T14:37:53.233359,0.0,0.0,0.0
135,Simon,3c:7c:3f:97:3a:48,-89,2447,0,[4],0,2026-06-02T14:37:53.233440,0.0,0.0,0.0
136,,6e:42:4e:6b:01:f3,-47,5220,0,[4],0,2026-06-02T14:38:09.360184,0.0,0.0,0.0
137,,6e:42:4e:7b:01:f3,-57,5765,0,[4],0,2026-06-02T14:38:09.360637,0.0,0.0,0.0
138,M&M Lodge,24:e5:0f:4a:91:1a,-46,5745,0,[4],0,2026-06-02T14:38:09.360680,0.0,0.0,0.0
139,Vranes Home Starlink,6e:42:4e:3b:01:f3,-47,5220,0,[4],0,2026-06-02T14:38:09.360721,0.0,0.0,0.0
140,Vranes Home Starlink,6e:42:4e:4b:01:f3,-57,5765,0,[4],0,2026-06-02T14:38:09.360754,0.0,0.0,0.0
141,M&M Lodge,24:e5:0f:4a:7f:2c,-60,5745,0,[4],0,2026-06-02T14:38:09.360787,0.0,0.0,0.0
142,M&M Lodge,24:e5:0f:4a:76:71,-68,5745,0,[4],0,2026-06-02T14:38:09.360819,0.0,0.0,0.0
143,306D4721,0a:b4:b1:03:f8:e9,-68,5745,0,[],0,2026-06-02T14:38:09.360850,0.0,0.0,0.0
144,M&M Lodge,24:e5:0f:4a:7f:28,-48,2412,0,[4],0,2026-06-02T14:38:09.360882,0.0,0.0,0.0
145,M&M Lodge,24:e5:0f:4a:91:16,-32,2437,0,[4],0,2026-06-02T14:38:09.360914,0.0,0.0,0.0
146,Vranes Home Starlink,6e:42:4e:2b:01:f3,-40,2437,0,[4],0,2026-06-02T14:38:09.360947,0.0,0.0,0.0
147,M&M Lodge,24:e5:0f:4a:76:6d,-49,2412,0,[4],0,2026-06-02T14:38:09.360979,0.0,0.0,0.0
148,WACFan_8ADA98,10:97:bd:8a:da:99,-56,2412,0,[4],0,2026-06-02T14:38:09.361011,0.0,0.0,0.0
149,Vranes Backyard Starlink,62:1a:11:2d:e6:16,-69,2462,0,[4],0,2026-06-02T14:38:09.361043,0.0,0.0,0.0
150,Brown Hollow 2,8e:a0:2d:21:88:ca,-71,2417,0,[4],0,2026-06-02T14:38:09.361075,0.0,0.0,0.0
151,GDSH,c6:33:7c:c6:8f:b3,-46,2462,0,[],0,2026-06-02T14:38:09.361106,0.0,0.0,0.0
152,,06:99:12:88:1b:63,-83,2437,0,[4],0,2026-06-02T14:38:09.361138,0.0,0.0,0.0
153,,62:1a:11:5d:e6:16,-91,5805,0,[4],0,2026-06-02T14:38:09.361170,0.0,0.0,0.0
154,Vranes Backyard Starlink,62:1a:11:3d:e6:16,-91,5805,0,[4],0,2026-06-02T14:38:09.361202,0.0,0.0,0.0
155,,8c:90:2d:21:88:ca,-72,2417,0,[4],0,2026-06-02T14:38:09.361234,0.0,0.0,0.0
156,,6e:42:4e:5b:01:f3,-39,2437,0,[4],0,2026-06-02T14:38:09.361266,0.0,0.0,0.0
157,,6e:42:4e:8b:01:f3,-43,2437,0,[4],0,2026-06-02T14:38:09.361298,0.0,0.0,0.0
158,,62:1a:11:4d:e6:16,-68,2462,0,[4],0,2026-06-02T14:38:09.361330,0.0,0.0,0.0
159,Brown Hollow 2,8e:a0:2d:21:88:c2,-80,2417,0,[4],0,2026-06-02T14:38:09.361361,0.0,0.0,0.0
160,,1a:60:41:7e:57:50,-86,2422,0,[4],0,2026-06-02T14:38:09.361393,0.0,0.0,0.0
161,ASUS_2G_Guest,3c:7c:3f:97:3a:49,-89,2447,0,[4],0,2026-06-02T14:38:09.361425,0.0,0.0,0.0
162,Simon,3c:7c:3f:97:3a:48,-89,2447,0,[4],0,2026-06-02T14:38:09.361457,0.0,0.0,0.0
163,,6e:42:4e:6b:01:f3,-47,5220,0,[4],0,2026-06-02T14:38:49.280765,0.0,0.0,0.0
164,,6e:42:4e:7b:01:f3,-57,5765,0,[4],0,2026-06-02T14:38:49.281339,0.0,0.0,0.0
165,M&M Lodge,24:e5:0f:4a:91:1a,-46,5745,0,[4],0,2026-06-02T14:38:49.281408,0.0,0.0,0.0
166,Vranes Home Starlink,6e:42:4e:3b:01:f3,-47,5220,0,[4],0,2026-06-02T14:38:49.281467,0.0,0.0,0.0
167,Vranes Home Starlink,6e:42:4e:4b:01:f3,-57,5765,0,[4],0,2026-06-02T14:38:49.281569,0.0,0.0,0.0
168,M&M Lodge,24:e5:0f:4a:7f:2c,-61,5745,0,[4],0,2026-06-02T14:38:49.281628,0.0,0.0,0.0
169,M&M Lodge,24:e5:0f:4a:76:71,-67,5745,0,[4],0,2026-06-02T14:38:49.281685,0.0,0.0,0.0
170,306D4721,0a:b4:b1:03:f8:e9,-68,5745,0,[],0,2026-06-02T14:38:49.281739,0.0,0.0,0.0
171,M&M Lodge,24:e5:0f:4a:7f:28,-45,2412,0,[4],0,2026-06-02T14:38:49.281795,0.0,0.0,0.0
172,M&M Lodge,24:e5:0f:4a:91:16,-33,2437,0,[4],0,2026-06-02T14:38:49.281850,0.0,0.0,0.0
173,Vranes Home Starlink,6e:42:4e:2b:01:f3,-40,2437,0,[4],0,2026-06-02T14:38:49.281906,0.0,0.0,0.0
174,M&M Lodge,24:e5:0f:4a:76:6d,-50,2412,0,[4],0,2026-06-02T14:38:49.281961,0.0,0.0,0.0
175,WACFan_8ADA98,10:97:bd:8a:da:99,-55,2412,0,[4],0,2026-06-02T14:38:49.282016,0.0,0.0,0.0
176,Vranes Backyard Starlink,62:1a:11:2d:e6:16,-70,2462,0,[4],0,2026-06-02T14:38:49.282072,0.0,0.0,0.0
177,GDSH,c6:33:7c:c6:8f:b3,-47,2462,0,[],0,2026-06-02T14:38:49.282125,0.0,0.0,0.0
178,,62:1a:11:5d:e6:16,-91,5805,0,[4],0,2026-06-02T14:38:49.282180,0.0,0.0,0.0
179,Vranes Backyard Starlink,62:1a:11:3d:e6:16,-92,5805,0,[4],0,2026-06-02T14:38:49.282236,0.0,0.0,0.0
180,,8c:90:2d:21:88:ca,-80,2417,0,[4],0,2026-06-02T14:38:49.282291,0.0,0.0,0.0
181,,6e:42:4e:8b:01:f3,-43,2437,0,[4],0,2026-06-02T14:38:49.282346,0.0,0.0,0.0
182,,62:1a:11:4d:e6:16,-72,2462,0,[4],0,2026-06-02T14:38:49.282401,0.0,0.0,0.0
183,,1a:60:41:7e:57:50,-87,2422,0,[4],0,2026-06-02T14:38:49.282457,0.0,0.0,0.0
184,,62:1a:11:6d:e6:16,-72,2462,0,[4],0,2026-06-02T14:38:49.282512,0.0,0.0,0.0
185,Brown Hollow 2,8e:a0:2d:21:88:c6,-88,2417,0,[4],0,2026-06-02T14:38:49.282616,0.0,0.0,0.0
186,Stupacalypse Now,06:99:12:28:1b:63,-89,2437,0,[4],0,2026-06-02T14:38:49.282680,0.0,0.0,0.0
187,Trump2024,e2:db:d1:cb:76:f1,-91,2412,0,[4],0,2026-06-02T14:38:49.282737,0.0,0.0,0.0
188,,e2:db:d1:cb:76:f6,-91,2412,0,[3],0,2026-06-02T14:38:49.282793,0.0,0.0,0.0
189,,6e:42:4e:6b:01:f3,-70,5220,0,[4],0,2026-06-02T14:39:05.412470,0.0,0.0,0.0
190,,6e:42:4e:7b:01:f3,-67,5765,0,[4],0,2026-06-02T14:39:05.413262,0.0,0.0,0.0
191,M&M Lodge,24:e5:0f:4a:91:1a,-69,5745,0,[4],0,2026-06-02T14:39:05.413364,0.0,0.0,0.0
192,Vranes Home Starlink,6e:42:4e:3b:01:f3,-70,5220,0,[4],0,2026-06-02T14:39:05.413453,0.0,0.0,0.0
193,Vranes Home Starlink,6e:42:4e:4b:01:f3,-67,5765,0,[4],0,2026-06-02T14:39:05.413592,0.0,0.0,0.0
194,M&M Lodge,24:e5:0f:4a:7f:2c,-86,5745,0,[4],0,2026-06-02T14:39:05.413681,0.0,0.0,0.0
195,M&M Lodge,24:e5:0f:4a:76:71,-77,5745,0,[4],0,2026-06-02T14:39:05.413766,0.0,0.0,0.0
196,306D4721,0a:b4:b1:03:f8:e9,-56,5745,0,[],0,2026-06-02T14:39:05.413847,0.0,0.0,0.0
197,M&M Lodge,24:e5:0f:4a:7f:28,-64,2412,0,[4],0,2026-06-02T14:39:05.413931,0.0,0.0,0.0
198,M&M Lodge,24:e5:0f:4a:91:16,-54,2437,0,[4],0,2026-06-02T14:39:05.414014,0.0,0.0,0.0
199,Vranes Home Starlink,6e:42:4e:2b:01:f3,-40,2437,0,[4],0,2026-06-02T14:39:05.414097,0.0,0.0,0.0
200,M&M Lodge,24:e5:0f:4a:76:6d,-55,2412,0,[4],0,2026-06-02T14:39:05.414181,0.0,0.0,0.0
201,WACFan_8ADA98,10:97:bd:8a:da:99,-82,2412,0,[4],0,2026-06-02T14:39:05.414275,0.0,0.0,0.0
202,Vranes Backyard Starlink,62:1a:11:2d:e6:16,-61,2462,0,[4],0,2026-06-02T14:39:05.414366,0.0,0.0,0.0
203,GDSH,c6:33:7c:c6:8f:b3,-47,2462,0,[],0,2026-06-02T14:39:05.414447,0.0,0.0,0.0
204,,62:1a:11:5d:e6:16,-85,5805,0,[4],0,2026-06-02T14:39:05.414571,0.0,0.0,0.0
205,Vranes Backyard Starlink,62:1a:11:3d:e6:16,-85,5805,0,[4],0,2026-06-02T14:39:05.414659,0.0,0.0,0.0
206,,8c:90:2d:21:88:ca,-80,2417,0,[4],0,2026-06-02T14:39:05.414743,0.0,0.0,0.0
207,,6e:42:4e:8b:01:f3,-43,2437,0,[4],0,2026-06-02T14:39:05.414831,0.0,0.0,0.0
208,,62:1a:11:4d:e6:16,-72,2462,0,[4],0,2026-06-02T14:39:05.414915,0.0,0.0,0.0
209,,1a:60:41:7e:57:50,-87,2422,0,[4],0,2026-06-02T14:39:05.414999,0.0,0.0,0.0
210,,62:1a:11:6d:e6:16,-72,2462,0,[4],0,2026-06-02T14:39:05.415081,0.0,0.0,0.0
211,Brown Hollow 2,8e:a0:2d:21:88:c6,-64,2417,0,[4],0,2026-06-02T14:39:05.415164,0.0,0.0,0.0
212,Stupacalypse Now,06:99:12:28:1b:63,-73,2437,0,[4],0,2026-06-02T14:39:05.415247,0.0,0.0,0.0
213,Trump2024,e2:db:d1:cb:76:f1,-91,2412,0,[4],0,2026-06-02T14:39:05.415330,0.0,0.0,0.0
214,,e2:db:d1:cb:76:f6,-91,2412,0,[3],0,2026-06-02T14:39:05.415411,0.0,0.0,0.0
215,,8c:90:2d:21:88:c6,-72,2417,0,[4],0,2026-06-02T14:39:05.415494,0.0,0.0,0.0
216,,06:99:12:88:1b:63,-75,2437,0,[4],0,2026-06-02T14:39:05.415608,0.0,0.0,0.0
217,,06:99:12:58:1b:63,-77,2437,0,[4],0,2026-06-02T14:39:05.415692,0.0,0.0,0.0
218,Brown Hollow 2,8e:a0:2d:21:88:c2,-78,2417,0,[4],0,2026-06-02T14:39:05.415891,0.0,0.0,0.0
219,,8c:90:2d:21:88:c2,-79,2417,0,[4],0,2026-06-02T14:39:05.415982,0.0,0.0,0.0
220,Brown Hollow 2,8e:a0:2d:21:88:ca,-87,2417,0,[4],0,2026-06-02T14:39:05.416069,0.0,0.0,0.0
221,[LG_Oven]aab8,22:28:bc:e6:aa:b8,-89,2462,0,[4],0,2026-06-02T14:39:05.416156,0.0,0.0,0.0
222,,6e:42:4e:6b:01:f3,-70,5220,0,[4],0,2026-06-02T14:39:45.331357,0.0,0.0,0.0
223,,6e:42:4e:7b:01:f3,-66,5765,0,[4],0,2026-06-02T14:39:45.332519,0.0,0.0,0.0
224,M&M Lodge,24:e5:0f:4a:91:1a,-70,5745,0,[4],0,2026-06-02T14:39:45.332706,0.0,0.0,0.0
225,Vranes Home Starlink,6e:42:4e:3b:01:f3,-71,5220,0,[4],0,2026-06-02T14:39:45.332795,0.0,0.0,0.0
226,Vranes Home Starlink,6e:42:4e:4b:01:f3,-66,5765,0,[4],0,2026-06-02T14:39:45.332886,0.0,0.0,0.0
227,M&M Lodge,24:e5:0f:4a:7f:2c,-84,5745,0,[4],0,2026-06-02T14:39:45.332970,0.0,0.0,0.0
228,M&M Lodge,24:e5:0f:4a:76:71,-78,5745,0,[4],0,2026-06-02T14:39:45.333053,0.0,0.0,0.0
229,306D4721,0a:b4:b1:03:f8:e9,-57,5745,0,[],0,2026-06-02T14:39:45.333133,0.0,0.0,0.0
230,M&M Lodge,24:e5:0f:4a:7f:28,-66,2412,0,[4],0,2026-06-02T14:39:45.333214,0.0,0.0,0.0
231,M&M Lodge,24:e5:0f:4a:91:16,-53,2437,0,[4],0,2026-06-02T14:39:45.333297,0.0,0.0,0.0
232,Vranes Home Starlink,6e:42:4e:2b:01:f3,-49,2437,0,[4],0,2026-06-02T14:39:45.333379,0.0,0.0,0.0
233,M&M Lodge,24:e5:0f:4a:76:6d,-56,2412,0,[4],0,2026-06-02T14:39:45.333463,0.0,0.0,0.0
234,WACFan_8ADA98,10:97:bd:8a:da:99,-82,2412,0,[4],0,2026-06-02T14:39:45.333586,0.0,0.0,0.0
235,Vranes Backyard Starlink,62:1a:11:2d:e6:16,-62,2462,0,[4],0,2026-06-02T14:39:45.333671,0.0,0.0,0.0
236,GDSH,c6:33:7c:c6:8f:b3,-62,2462,0,[],0,2026-06-02T14:39:45.333750,0.0,0.0,0.0
237,,62:1a:11:5d:e6:16,-84,5805,0,[4],0,2026-06-02T14:39:45.333832,0.0,0.0,0.0
238,Vranes Backyard Starlink,62:1a:11:3d:e6:16,-84,5805,0,[4],0,2026-06-02T14:39:45.333915,0.0,0.0,0.0
239,,8c:90:2d:21:88:ca,-80,2417,0,[4],0,2026-06-02T14:39:45.333996,0.0,0.0,0.0
240,,62:1a:11:6d:e6:16,-66,2462,0,[4],0,2026-06-02T14:39:45.334078,0.0,0.0,0.0
241,Brown Hollow 2,8e:a0:2d:21:88:c6,-64,2417,0,[4],0,2026-06-02T14:39:45.334163,0.0,0.0,0.0
242,Stupacalypse Now,06:99:12:28:1b:63,-78,2437,0,[4],0,2026-06-02T14:39:45.334245,0.0,0.0,0.0
243,,8c:90:2d:21:88:c6,-72,2417,0,[4],0,2026-06-02T14:39:45.334327,0.0,0.0,0.0
244,,06:99:12:88:1b:63,-75,2437,0,[4],0,2026-06-02T14:39:45.334408,0.0,0.0,0.0
245,,06:99:12:58:1b:63,-76,2437,0,[4],0,2026-06-02T14:39:45.334490,0.0,0.0,0.0
246,Brown Hollow 2,8e:a0:2d:21:88:c2,-78,2417,0,[4],0,2026-06-02T14:39:45.334617,0.0,0.0,0.0
247,,8c:90:2d:21:88:c2,-79,2417,0,[4],0,2026-06-02T14:39:45.334701,0.0,0.0,0.0
248,Brown Hollow 2,8e:a0:2d:21:88:ca,-79,2417,0,[4],0,2026-06-02T14:39:45.334783,0.0,0.0,0.0
249,[LG_Oven]aab8,22:28:bc:e6:aa:b8,-89,2462,0,[4],0,2026-06-02T14:39:45.334865,0.0,0.0,0.0
250,Stunami Internet,c8:7f:54:49:c1:68,-71,2452,0,[4],0,2026-06-02T14:39:45.334947,0.0,0.0,0.0
251,Simon,3c:7c:3f:97:3a:4c,-88,5200,0,[4],0,2026-06-02T14:39:45.335029,0.0,0.0,0.0
252,Genki1,4a:bd:ce:e0:59:f6,-91,2437,0,[4],0,2026-06-02T14:39:45.335111,0.0,0.0,0.0
253,,4a:bd:ce:e0:59:f7,-92,2437,0,[4],0,2026-06-02T14:39:45.335193,0.0,0.0,0.0
254,,a2:ad:43:09:34:08,-88,2412,0,[],0,2026-06-02T14:39:45.335271,0.0,0.0,0.0
255,,6e:42:4e:6b:01:f3,-69,5220,0,[4],0,2026-06-02T14:40:01.464372,0.0,0.0,0.0
256,,6e:42:4e:7b:01:f3,-65,5765,0,[4],0,2026-06-02T14:40:01.464844,0.0,0.0,0.0
257,M&M Lodge,24:e5:0f:4a:91:1a,-70,5745,0,[4],0,2026-06-02T14:40:01.464897,0.0,0.0,0.0
258,Vranes Home Starlink,6e:42:4e:3b:01:f3,-69,5220,0,[4],0,2026-06-02T14:40:01.465393,0.0,0.0,0.0
259,Vranes Home Starlink,6e:42:4e:4b:01:f3,-65,5765,0,[4],0,2026-06-02T14:40:01.465483,0.0,0.0,0.0
260,M&M Lodge,24:e5:0f:4a:7f:2c,-86,5745,0,[4],0,2026-06-02T14:40:01.465523,0.0,0.0,0.0
261,M&M Lodge,24:e5:0f:4a:76:71,-78,5745,0,[4],0,2026-06-02T14:40:01.465603,0.0,0.0,0.0
262,306D4721,0a:b4:b1:03:f8:e9,-61,5745,0,[],0,2026-06-02T14:40:01.465640,0.0,0.0,0.0
263,M&M Lodge,24:e5:0f:4a:7f:28,-66,2412,0,[4],0,2026-06-02T14:40:01.465677,0.0,0.0,0.0
264,M&M Lodge,24:e5:0f:4a:91:16,-84,2437,0,[4],0,2026-06-02T14:40:01.465714,0.0,0.0,0.0
265,Vranes Home Starlink,6e:42:4e:2b:01:f3,-49,2437,0,[4],0,2026-06-02T14:40:01.465751,0.0,0.0,0.0
266,M&M Lodge,24:e5:0f:4a:76:6d,-53,2412,0,[4],0,2026-06-02T14:40:01.465787,0.0,0.0,0.0
267,WACFan_8ADA98,10:97:bd:8a:da:99,-71,2412,0,[4],0,2026-06-02T14:40:01.465821,0.0,0.0,0.0
268,Vranes Backyard Starlink,62:1a:11:2d:e6:16,-64,2462,0,[4],0,2026-06-02T14:40:01.465858,0.0,0.0,0.0
269,GDSH,c6:33:7c:c6:8f:b3,-52,2462,0,[],0,2026-06-02T14:40:01.465893,0.0,0.0,0.0
270,,62:1a:11:5d:e6:16,-84,5805,0,[4],0,2026-06-02T14:40:01.465929,0.0,0.0,0.0
271,Vranes Backyard Starlink,62:1a:11:3d:e6:16,-84,5805,0,[4],0,2026-06-02T14:40:01.466024,0.0,0.0,0.0
272,,8c:90:2d:21:88:ca,-80,2417,0,[4],0,2026-06-02T14:40:01.466061,0.0,0.0,0.0
273,,62:1a:11:6d:e6:16,-66,2462,0,[4],0,2026-06-02T14:40:01.466097,0.0,0.0,0.0
274,Brown Hollow 2,8e:a0:2d:21:88:c6,-64,2417,0,[4],0,2026-06-02T14:40:01.466133,0.0,0.0,0.0
275,Stupacalypse Now,06:99:12:28:1b:63,-82,2437,0,[4],0,2026-06-02T14:40:01.466169,0.0,0.0,0.0
276,,8c:90:2d:21:88:c6,-72,2417,0,[4],0,2026-06-02T14:40:01.466204,0.0,0.0,0.0
277,,06:99:12:88:1b:63,-81,2437,0,[4],0,2026-06-02T14:40:01.466239,0.0,0.0,0.0
278,,06:99:12:58:1b:63,-80,2437,0,[4],0,2026-06-02T14:40:01.466275,0.0,0.0,0.0
279,Brown Hollow 2,8e:a0:2d:21:88:c2,-83,2417,0,[4],0,2026-06-02T14:40:01.466311,0.0,0.0,0.0
280,,8c:90:2d:21:88:c2,-79,2417,0,[4],0,2026-06-02T14:40:01.466346,0.0,0.0,0.0
281,Brown Hollow 2,8e:a0:2d:21:88:ca,-79,2417,0,[4],0,2026-06-02T14:40:01.466382,0.0,0.0,0.0
282,[LG_Oven]aab8,22:28:bc:e6:aa:b8,-90,2462,0,[4],0,2026-06-02T14:40:01.466419,0.0,0.0,0.0
283,Stunami Internet,c8:7f:54:49:c1:68,-66,2452,0,[4],0,2026-06-02T14:40:01.466455,0.0,0.0,0.0
284,Simon,3c:7c:3f:97:3a:4c,-88,5200,0,[4],0,2026-06-02T14:40:01.466491,0.0,0.0,0.0
285,Genki1,4a:bd:ce:e0:59:f6,-91,2437,0,[4],0,2026-06-02T14:40:01.466555,0.0,0.0,0.0
286,,4a:bd:ce:e0:59:f7,-92,2437,0,[4],0,2026-06-02T14:40:01.466595,0.0,0.0,0.0
287,,a2:ad:43:09:34:08,-88,2412,0,[],0,2026-06-02T14:40:01.466629,0.0,0.0,0.0
288,,62:1a:11:4d:e6:16,-63,2462,0,[4],0,2026-06-02T14:40:01.466664,0.0,0.0,0.0
289,ASUS_2G_Guest,3c:7c:3f:97:3a:49,-82,2447,0,[4],0,2026-06-02T14:40:01.466700,0.0,0.0,0.0
290,,9e:ad:43:09:34:08,-84,2412,0,"[1, 3]",0,2026-06-02T14:40:01.466839,0.0,0.0,0.0
291,,6e:42:4e:6b:01:f3,-69,5220,0,[4],0,2026-06-02T14:40:41.378923,0.0,0.0,0.0
292,,6e:42:4e:7b:01:f3,-68,5765,0,[4],0,2026-06-02T14:40:41.379294,0.0,0.0,0.0
293,M&M Lodge,24:e5:0f:4a:91:1a,-70,5745,0,[4],0,2026-06-02T14:40:41.379333,0.0,0.0,0.0
294,Vranes Home Starlink,6e:42:4e:3b:01:f3,-69,5220,0,[4],0,2026-06-02T14:40:41.379367,0.0,0.0,0.0
295,Vranes Home Starlink,6e:42:4e:4b:01:f3,-68,5765,0,[4],0,2026-06-02T14:40:41.379401,0.0,0.0,0.0
296,M&M Lodge,24:e5:0f:4a:7f:2c,-84,5745,0,[4],0,2026-06-02T14:40:41.379431,0.0,0.0,0.0
297,M&M Lodge,24:e5:0f:4a:76:71,-78,5745,0,[4],0,2026-06-02T14:40:41.379463,0.0,0.0,0.0
298,306D4721,0a:b4:b1:03:f8:e9,-57,5745,0,[],0,2026-06-02T14:40:41.379494,0.0,0.0,0.0
299,M&M Lodge,24:e5:0f:4a:7f:28,-66,2412,0,[4],0,2026-06-02T14:40:41.379562,0.0,0.0,0.0
300,M&M Lodge,24:e5:0f:4a:91:16,-81,2437,0,[4],0,2026-06-02T14:40:41.379780,0.0,0.0,0.0
301,Vranes Home Starlink,6e:42:4e:2b:01:f3,-47,2437,0,[4],0,2026-06-02T14:40:41.379810,0.0,0.0,0.0
302,M&M Lodge,24:e5:0f:4a:76:6d,-53,2412,0,[4],0,2026-06-02T14:40:41.379843,0.0,0.0,0.0
303,WACFan_8ADA98,10:97:bd:8a:da:99,-71,2412,0,[4],0,2026-06-02T14:40:41.379875,0.0,0.0,0.0
304,Vranes Backyard Starlink,62:1a:11:2d:e6:16,-60,2462,0,[4],0,2026-06-02T14:40:41.379907,0.0,0.0,0.0
305,GDSH,c6:33:7c:c6:8f:b3,-52,2462,0,[],0,2026-06-02T14:40:41.379938,0.0,0.0,0.0
306,,62:1a:11:5d:e6:16,-84,5805,0,[4],0,2026-06-02T14:40:41.379970,0.0,0.0,0.0
307,Vranes Backyard Starlink,62:1a:11:3d:e6:16,-84,5805,0,[4],0,2026-06-02T14:40:41.380002,0.0,0.0,0.0
308,Brown Hollow 2,8e:a0:2d:21:88:c6,-75,2417,0,[4],0,2026-06-02T14:40:41.380034,0.0,0.0,0.0
309,Stupacalypse Now,06:99:12:28:1b:63,-83,2437,0,[4],0,2026-06-02T14:40:41.380066,0.0,0.0,0.0
310,,06:99:12:88:1b:63,-81,2437,0,[4],0,2026-06-02T14:40:41.380098,0.0,0.0,0.0
311,,06:99:12:58:1b:63,-81,2437,0,[4],0,2026-06-02T14:40:41.380130,0.0,0.0,0.0
312,Brown Hollow 2,8e:a0:2d:21:88:c2,-83,2417,0,[4],0,2026-06-02T14:40:41.380162,0.0,0.0,0.0
313,,8c:90:2d:21:88:c2,-80,2417,0,[4],0,2026-06-02T14:40:41.380194,0.0,0.0,0.0
314,Brown Hollow 2,8e:a0:2d:21:88:ca,-79,2417,0,[4],0,2026-06-02T14:40:41.380229,0.0,0.0,0.0
315,[LG_Oven]aab8,22:28:bc:e6:aa:b8,-88,2462,0,[4],0,2026-06-02T14:40:41.380261,0.0,0.0,0.0
316,Stunami Internet,c8:7f:54:49:c1:68,-73,2452,0,[4],0,2026-06-02T14:40:41.380293,0.0,0.0,0.0
317,,a2:ad:43:09:34:08,-80,2412,0,[],0,2026-06-02T14:40:41.380324,0.0,0.0,0.0
318,,62:1a:11:4d:e6:16,-63,2462,0,[4],0,2026-06-02T14:40:41.380356,0.0,0.0,0.0
319,ASUS_2G_Guest,3c:7c:3f:97:3a:49,-82,2447,0,[4],0,2026-06-02T14:40:41.380388,0.0,0.0,0.0
320,,9e:ad:43:09:34:08,-84,2412,0,"[1, 3]",0,2026-06-02T14:40:41.380421,0.0,0.0,0.0
321,,6e:42:4e:6b:01:f3,-68,5220,0,[4],0,2026-06-02T14:41:37.422864,0.0,0.0,0.0
322,,6e:42:4e:7b:01:f3,-65,5765,0,[4],0,2026-06-02T14:41:37.423265,0.0,0.0,0.0
323,M&M Lodge,24:e5:0f:4a:91:1a,-70,5745,0,[4],0,2026-06-02T14:41:37.423316,0.0,0.0,0.0
324,Vranes Home Starlink,6e:42:4e:3b:01:f3,-68,5220,0,[4],0,2026-06-02T14:41:37.423351,0.0,0.0,0.0
325,Vranes Home Starlink,6e:42:4e:4b:01:f3,-65,5765,0,[4],0,2026-06-02T14:41:37.423450,0.0,0.0,0.0
326,M&M Lodge,24:e5:0f:4a:7f:2c,-84,5745,0,[4],0,2026-06-02T14:41:37.423485,0.0,0.0,0.0
327,M&M Lodge,24:e5:0f:4a:76:71,-78,5745,0,[4],0,2026-06-02T14:41:37.423518,0.0,0.0,0.0
328,306D4721,0a:b4:b1:03:f8:e9,-56,5745,0,[],0,2026-06-02T14:41:37.423923,0.0,0.0,0.0
329,M&M Lodge,24:e5:0f:4a:7f:28,-65,2412,0,[4],0,2026-06-02T14:41:37.423963,0.0,0.0,0.0
330,M&M Lodge,24:e5:0f:4a:91:16,-53,2437,0,[4],0,2026-06-02T14:41:37.423996,0.0,0.0,0.0
331,Vranes Home Starlink,6e:42:4e:2b:01:f3,-19,2437,0,[4],0,2026-06-02T14:41:37.424032,0.0,0.0,0.0
332,M&M Lodge,24:e5:0f:4a:76:6d,-30,2412,0,[4],0,2026-06-02T14:41:37.424068,0.0,0.0,0.0
333,WACFan_8ADA98,10:97:bd:8a:da:99,-75,2412,0,[4],0,2026-06-02T14:41:37.424103,0.0,0.0,0.0
334,Vranes Backyard Starlink,62:1a:11:2d:e6:16,-62,2462,0,[4],0,2026-06-02T14:41:37.424139,0.0,0.0,0.0
335,GDSH,c6:33:7c:c6:8f:b3,-63,2462,0,[],0,2026-06-02T14:41:37.424173,0.0,0.0,0.0
336,,62:1a:11:5d:e6:16,-84,5805,0,[4],0,2026-06-02T14:41:37.424209,0.0,0.0,0.0
337,Vranes Backyard Starlink,62:1a:11:3d:e6:16,-85,5805,0,[4],0,2026-06-02T14:41:37.424245,0.0,0.0,0.0
338,Brown Hollow 2,8e:a0:2d:21:88:c6,-68,2417,0,[4],0,2026-06-02T14:41:37.424281,0.0,0.0,0.0
339,Stupacalypse Now,06:99:12:28:1b:63,-87,2437,0,[4],0,2026-06-02T14:41:37.424317,0.0,0.0,0.0
340,,06:99:12:88:1b:63,-81,2437,0,[4],0,2026-06-02T14:41:37.424352,0.0,0.0,0.0
341,,06:99:12:58:1b:63,-81,2437,0,[4],0,2026-06-02T14:41:37.424385,0.0,0.0,0.0
342,Brown Hollow 2,8e:a0:2d:21:88:c2,-80,2417,0,[4],0,2026-06-02T14:41:37.424418,0.0,0.0,0.0
343,,8c:90:2d:21:88:c2,-77,2417,0,[4],0,2026-06-02T14:41:37.424454,0.0,0.0,0.0
344,Brown Hollow 2,8e:a0:2d:21:88:ca,-73,2417,0,[4],0,2026-06-02T14:41:37.424489,0.0,0.0,0.0
345,Stunami Internet,c8:7f:54:49:c1:68,-66,2452,0,[4],0,2026-06-02T14:41:37.424571,0.0,0.0,0.0
346,ASUS_2G_Guest,3c:7c:3f:97:3a:49,-80,2447,0,[4],0,2026-06-02T14:41:37.424610,0.0,0.0,0.0
347,,8c:90:2d:21:88:ca,-84,2417,0,[4],0,2026-06-02T14:41:37.424643,0.0,0.0,0.0
348,Simon,3c:7c:3f:97:3a:48,-80,2447,0,[4],0,2026-06-02T14:41:37.424678,0.0,0.0,0.0
349,,6e:42:4e:8b:01:f3,-47,2437,0,[4],0,2026-06-02T14:41:37.424711,0.0,0.0,0.0
350,,8c:90:2d:21:88:c6,-79,2417,0,[4],0,2026-06-02T14:41:37.424744,0.0,0.0,0.0
351,,96:ad:43:09:34:08,-84,2412,0,"[2, 4]",0,2026-06-02T14:41:37.424780,0.0,0.0,0.0
352,,8c:90:2d:21:88:c7,-93,5240,0,[4],0,2026-06-02T14:41:37.424813,0.0,0.0,0.0
353,,6e:42:4e:6b:01:f3,-61,5220,0,[4],0,2026-06-02T14:46:34.756027,0.0,0.0,0.0
354,M&M Lodge,24:e5:0f:4a:91:1a,-65,5745,0,[4],0,2026-06-02T14:46:34.757816,0.0,0.0,0.0
355,Vranes Home Starlink,6e:42:4e:3b:01:f3,-60,5220,0,[4],0,2026-06-02T14:46:34.757898,0.0,0.0,0.0
356,M&M Lodge,24:e5:0f:4a:7f:2c,-81,5745,0,[4],0,2026-06-02T14:46:34.757946,0.0,0.0,0.0
357,M&M Lodge,24:e5:0f:4a:76:71,-75,5745,0,[4],0,2026-06-02T14:46:34.757993,0.0,0.0,0.0
358,306D4721,0a:b4:b1:03:f8:e9,-72,5745,0,[],0,2026-06-02T14:46:34.758036,0.0,0.0,0.0
359,M&M Lodge,24:e5:0f:4a:7f:28,-55,2412,0,[4],0,2026-06-02T14:46:34.758081,0.0,0.0,0.0
360,M&M Lodge,24:e5:0f:4a:91:16,-54,2437,0,[4],0,2026-06-02T14:46:34.758124,0.0,0.0,0.0
361,M&M Lodge,24:e5:0f:4a:76:6d,-49,2412,0,[4],0,2026-06-02T14:46:34.758168,0.0,0.0,0.0
362,WACFan_8ADA98,10:97:bd:8a:da:99,-59,2412,0,[4],0,2026-06-02T14:46:34.758211,0.0,0.0,0.0
363,GDSH,c6:33:7c:c6:8f:b3,-59,2462,0,[],0,2026-06-02T14:46:34.758251,0.0,0.0,0.0
364,Vranes Backyard Starlink,62:1a:11:3d:e6:16,-64,5805,0,[4],0,2026-06-02T14:46:34.758295,0.0,0.0,0.0
365,,62:1a:11:6d:e6:16,-55,2462,0,[4],0,2026-06-02T14:46:34.758338,0.0,0.0,0.0
366,Vranes Backyard Starlink,62:1a:11:2d:e6:16,-56,2462,0,[4],0,2026-06-02T14:46:34.758382,0.0,0.0,0.0
367,Brown Hollow 2,8e:a0:2d:21:88:c2,-73,2417,0,[4],0,2026-06-02T14:46:34.758425,0.0,0.0,0.0
368,Brown Hollow 2,8e:a0:2d:21:88:ca,-74,2417,0,[4],0,2026-06-02T14:46:34.758469,0.0,0.0,0.0
369,Vranes Home Starlink,6e:42:4e:2b:01:f3,-48,2437,0,[4],0,2026-06-02T14:46:34.758512,0.0,0.0,0.0
370,Stupacalypse Now,06:99:12:38:1b:63,-83,5200,0,[4],0,2026-06-02T14:46:34.758592,0.0,0.0,0.0
371,,06:99:12:68:1b:63,-83,5200,0,[4],0,2026-06-02T14:46:34.758637,0.0,0.0,0.0
372,,06:99:12:58:1b:63,-81,2437,0,[4],0,2026-06-02T14:46:34.758680,0.0,0.0,0.0
373,,1a:60:41:7e:57:50,-82,2422,0,[4],0,2026-06-02T14:46:34.758723,0.0,0.0,0.0
374,Simon,3c:7c:3f:97:3a:48,-84,2447,0,[4],0,2026-06-02T14:46:34.758766,0.0,0.0,0.0
375,Brown Hollow 2,8e:92:2d:21:88:cb,-89,5240,0,[4],0,2026-06-02T14:46:34.758809,0.0,0.0,0.0
376,Brown Hollow 2,8e:92:2d:21:88:c3,-90,5240,0,[4],0,2026-06-02T14:46:34.758853,0.0,0.0,0.0
377,Stunami Internet,c8:7f:54:49:c1:6c,-90,5745,0,[4],0,2026-06-02T14:46:34.758896,0.0,0.0,0.0
378,Stupacalypse Now,06:99:12:28:1b:63,-72,2437,0,[4],0,2026-06-02T14:46:34.762738,0.0,0.0,0.0
379,,6e:42:4e:6b:01:f3,-69,5220,0,[4],0,2026-06-02T14:47:27.805790,0.0,0.0,0.0
380,M&M Lodge,24:e5:0f:4a:91:1a,-62,5745,0,[4],0,2026-06-02T14:47:27.806151,0.0,0.0,0.0
381,Vranes Home Starlink,6e:42:4e:3b:01:f3,-69,5220,0,[4],0,2026-06-02T14:47:27.806193,0.0,0.0,0.0
382,M&M Lodge,24:e5:0f:4a:7f:2c,-80,5745,0,[4],0,2026-06-02T14:47:27.806231,0.0,0.0,0.0
383,M&M Lodge,24:e5:0f:4a:76:71,-75,5745,0,[4],0,2026-06-02T14:47:27.806267,0.0,0.0,0.0
384,306D4721,0a:b4:b1:03:f8:e9,-70,5745,0,[],0,2026-06-02T14:47:27.806301,0.0,0.0,0.0
385,M&M Lodge,24:e5:0f:4a:7f:28,-41,2412,0,[4],0,2026-06-02T14:47:27.806336,0.0,0.0,0.0
386,M&M Lodge,24:e5:0f:4a:91:16,-51,2437,0,[4],0,2026-06-02T14:47:27.806372,0.0,0.0,0.0
387,M&M Lodge,24:e5:0f:4a:76:6d,-48,2412,0,[4],0,2026-06-02T14:47:27.806407,0.0,0.0,0.0
388,WACFan_8ADA98,10:97:bd:8a:da:99,-49,2412,0,[4],0,2026-06-02T14:47:27.806442,0.0,0.0,0.0
389,GDSH,c6:33:7c:c6:8f:b3,-59,2462,0,[],0,2026-06-02T14:47:27.806476,0.0,0.0,0.0
390,Vranes Backyard Starlink,62:1a:11:3d:e6:16,-69,5805,0,[4],0,2026-06-02T14:47:27.806511,0.0,0.0,0.0
391,,62:1a:11:6d:e6:16,-59,2462,0,[4],0,2026-06-02T14:47:27.806576,0.0,0.0,0.0
392,Vranes Backyard Starlink,62:1a:11:2d:e6:16,-50,2462,0,[4],0,2026-06-02T14:47:27.806612,0.0,0.0,0.0
393,Brown Hollow 2,8e:a0:2d:21:88:c2,-79,2417,0,[4],0,2026-06-02T14:47:27.806647,0.0,0.0,0.0
394,Brown Hollow 2,8e:a0:2d:21:88:ca,-74,2417,0,[4],0,2026-06-02T14:47:27.806682,0.0,0.0,0.0
395,Vranes Home Starlink,6e:42:4e:2b:01:f3,-21,2437,0,[4],0,2026-06-02T14:47:27.806717,0.0,0.0,0.0
396,Stupacalypse Now,06:99:12:38:1b:63,-83,5200,0,[4],0,2026-06-02T14:47:27.806751,0.0,0.0,0.0
397,,06:99:12:68:1b:63,-83,5200,0,[4],0,2026-06-02T14:47:27.806787,0.0,0.0,0.0
398,,06:99:12:58:1b:63,-81,2437,0,[4],0,2026-06-02T14:47:27.806822,0.0,0.0,0.0
399,,1a:60:41:7e:57:50,-82,2422,0,[4],0,2026-06-02T14:47:27.806856,0.0,0.0,0.0
400,Simon,3c:7c:3f:97:3a:48,-84,2447,0,[4],0,2026-06-02T14:47:27.806891,0.0,0.0,0.0
401,Brown Hollow 2,8e:92:2d:21:88:cb,-89,5240,0,[4],0,2026-06-02T14:47:27.806927,0.0,0.0,0.0
402,Brown Hollow 2,8e:92:2d:21:88:c3,-90,5240,0,[4],0,2026-06-02T14:47:27.806961,0.0,0.0,0.0
403,Stunami Internet,c8:7f:54:49:c1:6c,-90,5745,0,[4],0,2026-06-02T14:47:27.806996,0.0,0.0,0.0
404,Stupacalypse Now,06:99:12:28:1b:63,-72,2437,0,[4],0,2026-06-02T14:47:27.807030,0.0,0.0,0.0
405,,62:1a:11:5d:e6:16,-69,5805,0,[4],0,2026-06-02T14:47:27.807065,0.0,0.0,0.0
406,,62:1a:11:4d:e6:16,-59,2462,0,[4],0,2026-06-02T14:47:27.807101,0.0,0.0,0.0
407,Brown Hollow 2,8e:a0:2d:21:88:c6,-62,2417,0,[4],0,2026-06-02T14:47:27.807137,0.0,0.0,0.0
408,,6e:42:4e:7b:01:f3,-75,5765,0,[4],0,2026-06-02T14:47:27.807172,0.0,0.0,0.0
409,Vranes Home Starlink,6e:42:4e:4b:01:f3,-75,5765,0,[4],0,2026-06-02T14:47:27.807207,0.0,0.0,0.0
410,,8c:90:2d:21:88:c6,-72,2417,0,[4],0,2026-06-02T14:47:27.807243,0.0,0.0,0.0
411,,06:99:12:88:1b:63,-75,2437,0,[4],0,2026-06-02T14:47:27.807278,0.0,0.0,0.0
412,Trump2024,e2:db:d1:cb:76:f1,-81,2412,0,[4],0,2026-06-02T14:47:27.807313,0.0,0.0,0.0
413,,e2:db:d1:d2:76:f7,-92,5785,0,[3],0,2026-06-02T14:47:27.807347,0.0,0.0,0.0
414,Verizon_XLRTM9,dc:4b:a1:e0:5e:9d,-90,2437,0,[4],0,2026-06-02T14:47:27.807382,0.0,0.0,0.0
415,,6e:42:4e:6b:01:f3,-74,5220,0,[4],0,2026-06-02T14:48:20.856270,0.0,0.0,0.0
416,M&M Lodge,24:e5:0f:4a:91:1a,-69,5745,0,[4],0,2026-06-02T14:48:20.856788,0.0,0.0,0.0
417,Vranes Home Starlink,6e:42:4e:3b:01:f3,-74,5220,0,[4],0,2026-06-02T14:48:20.856857,0.0,0.0,0.0
418,M&M Lodge,24:e5:0f:4a:7f:2c,-86,5745,0,[4],0,2026-06-02T14:48:20.856917,0.0,0.0,0.0
419,M&M Lodge,24:e5:0f:4a:76:71,-81,5745,0,[4],0,2026-06-02T14:48:20.856976,0.0,0.0,0.0
420,306D4721,0a:b4:b1:03:f8:e9,-61,5745,0,[],0,2026-06-02T14:48:20.857031,0.0,0.0,0.0
421,M&M Lodge,24:e5:0f:4a:7f:28,-66,2412,0,[4],0,2026-06-02T14:48:20.857088,0.0,0.0,0.0
422,M&M Lodge,24:e5:0f:4a:91:16,-48,2437,0,[4],0,2026-06-02T14:48:20.857143,0.0,0.0,0.0
423,M&M Lodge,24:e5:0f:4a:76:6d,-58,2412,0,[4],0,2026-06-02T14:48:20.857199,0.0,0.0,0.0
424,WACFan_8ADA98,10:97:bd:8a:da:99,-78,2412,0,[4],0,2026-06-02T14:48:20.857256,0.0,0.0,0.0
425,GDSH,c6:33:7c:c6:8f:b3,-72,2462,0,[],0,2026-06-02T14:48:20.857310,0.0,0.0,0.0
426,Vranes Backyard Starlink,62:1a:11:3d:e6:16,-69,5805,0,[4],0,2026-06-02T14:48:20.857365,0.0,0.0,0.0
427,,62:1a:11:6d:e6:16,-65,2462,0,[4],0,2026-06-02T14:48:20.857422,0.0,0.0,0.0
428,Vranes Backyard Starlink,62:1a:11:2d:e6:16,-58,2462,0,[4],0,2026-06-02T14:48:20.857479,0.0,0.0,0.0
429,Brown Hollow 2,8e:a0:2d:21:88:c2,-79,2417,0,[4],0,2026-06-02T14:48:20.857583,0.0,0.0,0.0
430,Vranes Home Starlink,6e:42:4e:2b:01:f3,-53,2437,0,[4],0,2026-06-02T14:48:20.857643,0.0,0.0,0.0
431,Simon,3c:7c:3f:97:3a:48,-88,2447,0,[4],0,2026-06-02T14:48:20.857789,0.0,0.0,0.0
432,Stupacalypse Now,06:99:12:28:1b:63,-77,2437,0,[4],0,2026-06-02T14:48:20.857851,0.0,0.0,0.0
433,,62:1a:11:5d:e6:16,-69,5805,0,[4],0,2026-06-02T14:48:20.857909,0.0,0.0,0.0
434,,62:1a:11:4d:e6:16,-61,2462,0,[4],0,2026-06-02T14:48:20.857967,0.0,0.0,0.0
435,Brown Hollow 2,8e:a0:2d:21:88:c6,-70,2417,0,[4],0,2026-06-02T14:48:20.858024,0.0,0.0,0.0
436,,6e:42:4e:7b:01:f3,-76,5765,0,[4],0,2026-06-02T14:48:20.858080,0.0,0.0,0.0
437,Vranes Home Starlink,6e:42:4e:4b:01:f3,-76,5765,0,[4],0,2026-06-02T14:48:20.858138,0.0,0.0,0.0
438,,8c:90:2d:21:88:c6,-72,2417,0,[4],0,2026-06-02T14:48:20.858196,0.0,0.0,0.0
439,,06:99:12:88:1b:63,-79,2437,0,[4],0,2026-06-02T14:48:20.858257,0.0,0.0,0.0
440,Trump2024,e2:db:d1:cb:76:f1,-81,2412,0,[4],0,2026-06-02T14:48:20.858314,0.0,0.0,0.0
441,,e2:db:d1:d2:76:f7,-92,5785,0,[3],0,2026-06-02T14:48:20.858369,0.0,0.0,0.0
442,Verizon_XLRTM9,dc:4b:a1:e0:5e:9d,-90,2437,0,[4],0,2026-06-02T14:48:20.858427,0.0,0.0,0.0
443,,6e:42:4e:5b:01:f3,-45,2437,0,[4],0,2026-06-02T14:48:20.858484,0.0,0.0,0.0
444,Stunami Internet,c8:7f:54:49:c1:68,-73,2452,0,[4],0,2026-06-02T14:48:20.858585,0.0,0.0,0.0
445,,06:99:12:58:1b:63,-76,2437,0,[4],0,2026-06-02T14:48:20.858644,0.0,0.0,0.0
446,,4a:bd:ce:e0:59:f3,-90,2437,0,[3],0,2026-06-02T14:48:20.858700,0.0,0.0,0.0
447,,4a:bd:ce:e0:59:f7,-90,2437,0,[4],0,2026-06-02T14:48:20.858756,0.0,0.0,0.0
448,Genki1,4a:bd:ce:e0:59:f6,-91,2437,0,[4],0,2026-06-02T14:48:20.858812,0.0,0.0,0.0
449,,6e:42:4e:6b:01:f3,-74,5220,0,[4],0,2026-06-02T14:49:13.914017,0.0,0.0,0.0
450,M&M Lodge,24:e5:0f:4a:91:1a,-68,5745,0,[4],0,2026-06-02T14:49:13.914812,0.0,0.0,0.0
451,Vranes Home Starlink,6e:42:4e:3b:01:f3,-74,5220,0,[4],0,2026-06-02T14:49:13.914918,0.0,0.0,0.0
452,M&M Lodge,24:e5:0f:4a:7f:2c,-86,5745,0,[4],0,2026-06-02T14:49:13.915007,0.0,0.0,0.0
453,M&M Lodge,24:e5:0f:4a:76:71,-82,5745,0,[4],0,2026-06-02T14:49:13.915094,0.0,0.0,0.0
454,306D4721,0a:b4:b1:03:f8:e9,-61,5745,0,[],0,2026-06-02T14:49:13.915177,0.0,0.0,0.0
455,M&M Lodge,24:e5:0f:4a:7f:28,-66,2412,0,[4],0,2026-06-02T14:49:13.915261,0.0,0.0,0.0
456,M&M Lodge,24:e5:0f:4a:91:16,-49,2437,0,[4],0,2026-06-02T14:49:13.915345,0.0,0.0,0.0
457,M&M Lodge,24:e5:0f:4a:76:6d,-57,2412,0,[4],0,2026-06-02T14:49:13.915429,0.0,0.0,0.0
458,WACFan_8ADA98,10:97:bd:8a:da:99,-75,2412,0,[4],0,2026-06-02T14:49:13.915518,0.0,0.0,0.0
459,GDSH,c6:33:7c:c6:8f:b3,-71,2462,0,[],0,2026-06-02T14:49:13.915661,0.0,0.0,0.0
460,Vranes Backyard Starlink,62:1a:11:3d:e6:16,-87,5805,0,[4],0,2026-06-02T14:49:13.915753,0.0,0.0,0.0
461,,62:1a:11:6d:e6:16,-65,2462,0,[4],0,2026-06-02T14:49:13.915838,0.0,0.0,0.0
462,Vranes Backyard Starlink,62:1a:11:2d:e6:16,-67,2462,0,[4],0,2026-06-02T14:49:13.915922,0.0,0.0,0.0
463,Brown Hollow 2,8e:a0:2d:21:88:c2,-81,2417,0,[4],0,2026-06-02T14:49:13.916005,0.0,0.0,0.0
464,Vranes Home Starlink,6e:42:4e:2b:01:f3,-56,2437,0,[4],0,2026-06-02T14:49:13.916089,0.0,0.0,0.0
465,Simon,3c:7c:3f:97:3a:48,-88,2447,0,[4],0,2026-06-02T14:49:13.916172,0.0,0.0,0.0
466,Stupacalypse Now,06:99:12:28:1b:63,-77,2437,0,[4],0,2026-06-02T14:49:13.916255,0.0,0.0,0.0
467,,62:1a:11:4d:e6:16,-61,2462,0,[4],0,2026-06-02T14:49:13.916339,0.0,0.0,0.0
468,Brown Hollow 2,8e:a0:2d:21:88:c6,-70,2417,0,[4],0,2026-06-02T14:49:13.916422,0.0,0.0,0.0
469,,6e:42:4e:7b:01:f3,-76,5765,0,[4],0,2026-06-02T14:49:13.916506,0.0,0.0,0.0
470,Vranes Home Starlink,6e:42:4e:4b:01:f3,-76,5765,0,[4],0,2026-06-02T14:49:13.916631,0.0,0.0,0.0
471,,8c:90:2d:21:88:c6,-74,2417,0,[4],0,2026-06-02T14:49:13.916715,0.0,0.0,0.0
472,,06:99:12:88:1b:63,-77,2437,0,[4],0,2026-06-02T14:49:13.916798,0.0,0.0,0.0
473,,6e:42:4e:5b:01:f3,-52,2437,0,[4],0,2026-06-02T14:49:13.916885,0.0,0.0,0.0
474,Stunami Internet,c8:7f:54:49:c1:68,-73,2452,0,[4],0,2026-06-02T14:49:13.916968,0.0,0.0,0.0
475,,06:99:12:58:1b:63,-75,2437,0,[4],0,2026-06-02T14:49:13.917051,0.0,0.0,0.0
476,,4a:bd:ce:e0:59:f3,-90,2437,0,[3],0,2026-06-02T14:49:13.917134,0.0,0.0,0.0
477,,4a:bd:ce:e0:59:f7,-90,2437,0,[4],0,2026-06-02T14:49:13.917217,0.0,0.0,0.0
478,Genki1,4a:bd:ce:e0:59:f6,-91,2437,0,[4],0,2026-06-02T14:49:13.917303,0.0,0.0,0.0
479,Brown Hollow 2,8e:a0:2d:21:88:ca,-82,2417,0,[4],0,2026-06-02T14:49:13.917390,0.0,0.0,0.0
480,ASUS_2G_Guest,3c:7c:3f:97:3a:49,-86,2447,0,[4],0,2026-06-02T14:49:13.917476,0.0,0.0,0.0
481,Wifi2024S,88:ad:43:09:34:08,-89,2412,0,[4],0,2026-06-02T14:49:13.917617,0.0,0.0,0.0
482,Simon,3c:7c:3f:97:3a:4c,-89,5200,0,[4],0,2026-06-02T14:49:13.917702,0.0,0.0,0.0
483,,8c:90:2d:21:88:ca,-86,2417,0,[4],0,2026-06-02T14:49:13.917788,0.0,0.0,0.0
484,M&M Lodge,24:e5:0f:4a:91:1a,-69,5745,0,[4],0,2026-06-02T14:50:06.966464,0.0,0.0,0.0
485,M&M Lodge,24:e5:0f:4a:7f:2c,-86,5745,0,[4],0,2026-06-02T14:50:06.967290,0.0,0.0,0.0
486,M&M Lodge,24:e5:0f:4a:76:71,-82,5745,0,[4],0,2026-06-02T14:50:06.967393,0.0,0.0,0.0
487,306D4721,0a:b4:b1:03:f8:e9,-61,5745,0,[],0,2026-06-02T14:50:06.967478,0.0,0.0,0.0
488,M&M Lodge,24:e5:0f:4a:7f:28,-67,2412,0,[4],0,2026-06-02T14:50:06.967604,0.0,0.0,0.0
489,M&M Lodge,24:e5:0f:4a:91:16,-47,2437,0,[4],0,2026-06-02T14:50:06.967691,0.0,0.0,0.0
490,M&M Lodge,24:e5:0f:4a:76:6d,-40,2412,0,[4],0,2026-06-02T14:50:06.967776,0.0,0.0,0.0
491,WACFan_8ADA98,10:97:bd:8a:da:99,-78,2412,0,[4],0,2026-06-02T14:50:06.967861,0.0,0.0,0.0
492,GDSH,c6:33:7c:c6:8f:b3,-70,2462,0,[],0,2026-06-02T14:50:06.967941,0.0,0.0,0.0
493,Vranes Backyard Starlink,62:1a:11:3d:e6:16,-87,5805,0,[4],0,2026-06-02T14:50:06.968024,0.0,0.0,0.0
494,Vranes Backyard Starlink,62:1a:11:2d:e6:16,-63,2462,0,[4],0,2026-06-02T14:50:06.968108,0.0,0.0,0.0
495,Brown Hollow 2,8e:a0:2d:21:88:c2,-86,2417,0,[4],0,2026-06-02T14:50:06.968191,0.0,0.0,0.0
496,Vranes Home Starlink,6e:42:4e:2b:01:f3,-52,2437,0,[4],0,2026-06-02T14:50:06.968274,0.0,0.0,0.0
497,Stupacalypse Now,06:99:12:28:1b:63,-74,2437,0,[4],0,2026-06-02T14:50:06.968358,0.0,0.0,0.0
498,,62:1a:11:4d:e6:16,-104,2462,0,[4],0,2026-06-02T14:50:06.968447,0.0,0.0,0.0
499,Brown Hollow 2,8e:a0:2d:21:88:c6,-75,2417,0,[4],0,2026-06-02T14:50:06.968574,0.0,0.0,0.0
500,,6e:42:4e:7b:01:f3,-75,5765,0,[4],0,2026-06-02T14:50:06.968661,0.0,0.0,0.0
501,Vranes Home Starlink,6e:42:4e:4b:01:f3,-75,5765,0,[4],0,2026-06-02T14:50:06.968745,0.0,0.0,0.0
502,,8c:90:2d:21:88:c6,-73,2417,0,[4],0,2026-06-02T14:50:06.968828,0.0,0.0,0.0
503,,06:99:12:88:1b:63,-77,2437,0,[4],0,2026-06-02T14:50:06.968911,0.0,0.0,0.0
504,,6e:42:4e:5b:01:f3,-52,2437,0,[4],0,2026-06-02T14:50:06.968995,0.0,0.0,0.0
505,,06:99:12:58:1b:63,-75,2437,0,[4],0,2026-06-02T14:50:06.969078,0.0,0.0,0.0
506,Brown Hollow 2,8e:a0:2d:21:88:ca,-82,2417,0,[4],0,2026-06-02T14:50:06.969161,0.0,0.0,0.0
507,ASUS_2G_Guest,3c:7c:3f:97:3a:49,-86,2447,0,[4],0,2026-06-02T14:50:06.969244,0.0,0.0,0.0
508,Wifi2024S,88:ad:43:09:34:08,-89,2412,0,[4],0,2026-06-02T14:50:06.969327,0.0,0.0,0.0
509,Simon,3c:7c:3f:97:3a:4c,-90,5200,0,[4],0,2026-06-02T14:50:06.969409,0.0,0.0,0.0
510,,8c:90:2d:21:88:ca,-84,2417,0,[4],0,2026-06-02T14:50:06.969498,0.0,0.0,0.0
511,,9e:ad:43:09:34:08,-89,2412,0,"[1, 3]",0,2026-06-02T14:50:06.969614,0.0,0.0,0.0
512,[LG_Oven]aab8,22:28:bc:e6:aa:b8,-92,2462,0,[4],0,2026-06-02T14:50:06.969696,0.0,0.0,0.0
513,,a2:ad:43:09:34:08,-88,2412,0,[],0,2026-06-02T14:50:06.969774,0.0,0.0,0.0
514,M&M Lodge,24:e5:0f:4a:91:1a,-70,5745,0,[4],0,2026-06-02T14:51:00.025981,0.0,0.0,0.0
515,M&M Lodge,24:e5:0f:4a:7f:2c,-88,5745,0,[4],0,2026-06-02T14:51:00.026769,0.0,0.0,0.0
516,M&M Lodge,24:e5:0f:4a:76:71,-83,5745,0,[4],0,2026-06-02T14:51:00.026876,0.0,0.0,0.0
517,306D4721,0a:b4:b1:03:f8:e9,-60,5745,0,[],0,2026-06-02T14:51:00.026963,0.0,0.0,0.0
518,M&M Lodge,24:e5:0f:4a:7f:28,-67,2412,0,[4],0,2026-06-02T14:51:00.027049,0.0,0.0,0.0
519,M&M Lodge,24:e5:0f:4a:91:16,-49,2437,0,[4],0,2026-06-02T14:51:00.027133,0.0,0.0,0.0
520,M&M Lodge,24:e5:0f:4a:76:6d,-58,2412,0,[4],0,2026-06-02T14:51:00.027217,0.0,0.0,0.0
521,WACFan_8ADA98,10:97:bd:8a:da:99,-76,2412,0,[4],0,2026-06-02T14:51:00.027301,0.0,0.0,0.0
522,GDSH,c6:33:7c:c6:8f:b3,-70,2462,0,[],0,2026-06-02T14:51:00.027382,0.0,0.0,0.0
523,Vranes Backyard Starlink,62:1a:11:3d:e6:16,-89,5805,0,[4],0,2026-06-02T14:51:00.027466,0.0,0.0,0.0
524,Vranes Backyard Starlink,62:1a:11:2d:e6:16,-64,2462,0,[4],0,2026-06-02T14:51:00.027656,0.0,0.0,0.0
525,Brown Hollow 2,8e:a0:2d:21:88:c2,-86,2417,0,[4],0,2026-06-02T14:51:00.027783,0.0,0.0,0.0
526,Vranes Home Starlink,6e:42:4e:2b:01:f3,-51,2437,0,[4],0,2026-06-02T14:51:00.027870,0.0,0.0,0.0
527,Stupacalypse Now,06:99:12:28:1b:63,-78,2437,0,[4],0,2026-06-02T14:51:00.027955,0.0,0.0,0.0
528,,62:1a:11:4d:e6:16,-104,2462,0,[4],0,2026-06-02T14:51:00.028039,0.0,0.0,0.0
529,Brown Hollow 2,8e:a0:2d:21:88:c6,-72,2417,0,[4],0,2026-06-02T14:51:00.028123,0.0,0.0,0.0
530,,6e:42:4e:7b:01:f3,-75,5765,0,[4],0,2026-06-02T14:51:00.028207,0.0,0.0,0.0
531,Vranes Home Starlink,6e:42:4e:4b:01:f3,-75,5765,0,[4],0,2026-06-02T14:51:00.028290,0.0,0.0,0.0
532,,8c:90:2d:21:88:c6,-69,2417,0,[4],0,2026-06-02T14:51:00.028371,0.0,0.0,0.0
533,,06:99:12:88:1b:63,-79,2437,0,[4],0,2026-06-02T14:51:00.028454,0.0,0.0,0.0
534,,6e:42:4e:5b:01:f3,-50,2437,0,[4],0,2026-06-02T14:51:00.028570,0.0,0.0,0.0
535,Wifi2024S,88:ad:43:09:34:08,-87,2412,0,[4],0,2026-06-02T14:51:00.028659,0.0,0.0,0.0
536,Simon,3c:7c:3f:97:3a:4c,-90,5200,0,[4],0,2026-06-02T14:51:00.028743,0.0,0.0,0.0
537,,8c:90:2d:21:88:ca,-84,2417,0,[4],0,2026-06-02T14:51:00.028828,0.0,0.0,0.0
538,,9e:ad:43:09:34:08,-89,2412,0,"[1, 3]",0,2026-06-02T14:51:00.029039,0.0,0.0,0.0
539,[LG_Oven]aab8,22:28:bc:e6:aa:b8,-92,2462,0,[4],0,2026-06-02T14:51:00.029127,0.0,0.0,0.0
540,,a2:ad:43:09:34:08,-88,2412,0,[],0,2026-06-02T14:51:00.029207,0.0,0.0,0.0
541,,6e:42:4e:6b:01:f3,-77,5220,0,[4],0,2026-06-02T14:51:00.029290,0.0,0.0,0.0
542,Vranes Home Starlink,6e:42:4e:3b:01:f3,-77,5220,0,[4],0,2026-06-02T14:51:00.029371,0.0,0.0,0.0
543,Stunami Internet,c8:7f:54:49:c1:68,-77,2452,0,[4],0,2026-06-02T14:51:00.029454,0.0,0.0,0.0
544,Simon,3c:7c:3f:97:3a:48,-86,2447,0,[4],0,2026-06-02T14:51:00.029565,0.0,0.0,0.0
545,M&M Lodge,24:e5:0f:4a:91:1a,-68,5745,0,[4],0,2026-06-02T14:51:53.074230,0.0,0.0,0.0
546,M&M Lodge,24:e5:0f:4a:7f:2c,-86,5745,0,[4],0,2026-06-02T14:51:53.075079,0.0,0.0,0.0
547,M&M Lodge,24:e5:0f:4a:76:71,-81,5745,0,[4],0,2026-06-02T14:51:53.075139,0.0,0.0,0.0
548,306D4721,0a:b4:b1:03:f8:e9,-61,5745,0,[],0,2026-06-02T14:51:53.075175,0.0,0.0,0.0
549,M&M Lodge,24:e5:0f:4a:7f:28,-67,2412,0,[4],0,2026-06-02T14:51:53.075211,0.0,0.0,0.0
550,M&M Lodge,24:e5:0f:4a:91:16,-50,2437,0,[4],0,2026-06-02T14:51:53.075250,0.0,0.0,0.0
551,M&M Lodge,24:e5:0f:4a:76:6d,-46,2412,0,[4],0,2026-06-02T14:51:53.075282,0.0,0.0,0.0
552,WACFan_8ADA98,10:97:bd:8a:da:99,-76,2412,0,[4],0,2026-06-02T14:51:53.075315,0.0,0.0,0.0
553,GDSH,c6:33:7c:c6:8f:b3,-71,2462,0,[],0,2026-06-02T14:51:53.075346,0.0,0.0,0.0
554,Vranes Backyard Starlink,62:1a:11:3d:e6:16,-89,5805,0,[4],0,2026-06-02T14:51:53.075378,0.0,0.0,0.0
555,Vranes Backyard Starlink,62:1a:11:2d:e6:16,-62,2462,0,[4],0,2026-06-02T14:51:53.075411,0.0,0.0,0.0
556,Brown Hollow 2,8e:a0:2d:21:88:c2,-82,2417,0,[4],0,2026-06-02T14:51:53.075443,0.0,0.0,0.0
557,Vranes Home Starlink,6e:42:4e:2b:01:f3,-52,2437,0,[4],0,2026-06-02T14:51:53.075475,0.0,0.0,0.0
558,Stupacalypse Now,06:99:12:28:1b:63,-78,2437,0,[4],0,2026-06-02T14:51:53.075507,0.0,0.0,0.0
559,,62:1a:11:4d:e6:16,-65,2462,0,[4],0,2026-06-02T14:51:53.075583,0.0,0.0,0.0
560,Brown Hollow 2,8e:a0:2d:21:88:c6,-74,2417,0,[4],0,2026-06-02T14:51:53.075621,0.0,0.0,0.0
561,,6e:42:4e:7b:01:f3,-75,5765,0,[4],0,2026-06-02T14:51:53.075656,0.0,0.0,0.0
562,Vranes Home Starlink,6e:42:4e:4b:01:f3,-75,5765,0,[4],0,2026-06-02T14:51:53.075694,0.0,0.0,0.0
563,,8c:90:2d:21:88:c6,-74,2417,0,[4],0,2026-06-02T14:51:53.075729,0.0,0.0,0.0
564,,06:99:12:88:1b:63,-88,2437,0,[4],0,2026-06-02T14:51:53.075768,0.0,0.0,0.0
565,,6e:42:4e:5b:01:f3,-49,2437,0,[4],0,2026-06-02T14:51:53.075800,0.0,0.0,0.0
566,Wifi2024S,88:ad:43:09:34:08,-87,2412,0,[4],0,2026-06-02T14:51:53.075832,0.0,0.0,0.0
567,Simon,3c:7c:3f:97:3a:4c,-90,5200,0,[4],0,2026-06-02T14:51:53.075864,0.0,0.0,0.0
568,,8c:90:2d:21:88:ca,-81,2417,0,[4],0,2026-06-02T14:51:53.075896,0.0,0.0,0.0
569,,a2:ad:43:09:34:08,-86,2412,0,[],0,2026-06-02T14:51:53.075927,0.0,0.0,0.0
570,,6e:42:4e:6b:01:f3,-77,5220,0,[4],0,2026-06-02T14:51:53.075959,0.0,0.0,0.0
571,Vranes Home Starlink,6e:42:4e:3b:01:f3,-77,5220,0,[4],0,2026-06-02T14:51:53.075991,0.0,0.0,0.0
572,Stunami Internet,c8:7f:54:49:c1:68,-74,2452,0,[4],0,2026-06-02T14:51:53.076023,0.0,0.0,0.0
573,Simon,3c:7c:3f:97:3a:48,-86,2447,0,[4],0,2026-06-02T14:51:53.076055,0.0,0.0,0.0
574,,6e:42:4e:8b:01:f3,-48,2437,0,[4],0,2026-06-02T14:51:53.076087,0.0,0.0,0.0
575,,62:1a:11:6d:e6:16,-61,2462,0,[4],0,2026-06-02T14:51:53.076119,0.0,0.0,0.0
576,,8c:90:2d:21:88:c2,-80,2417,0,[4],0,2026-06-02T14:51:53.076151,0.0,0.0,0.0
577,TMOBILE-574E,18:60:41:4e:57:50,-82,2422,0,[4],0,2026-06-02T14:51:53.076184,0.0,0.0,0.0
578,,62:1a:11:5d:e6:16,-88,5805,0,[4],0,2026-06-02T14:51:53.076216,0.0,0.0,0.0
579,Trump2024,e2:db:d1:cb:76:f1,-87,2412,0,[4],0,2026-06-02T14:51:53.076248,0.0,0.0,0.0
580,,e2:db:d1:cb:76:f6,-87,2412,0,[3],0,2026-06-02T14:51:53.076280,0.0,0.0,0.0
581,M&M Lodge,24:e5:0f:4a:91:1a,-70,5745,0,[4],0,2026-06-02T14:52:46.126860,0.0,0.0,0.0
582,M&M Lodge,24:e5:0f:4a:7f:2c,-87,5745,0,[4],0,2026-06-02T14:52:46.127662,0.0,0.0,0.0
583,M&M Lodge,24:e5:0f:4a:76:71,-80,5745,0,[4],0,2026-06-02T14:52:46.127767,0.0,0.0,0.0
584,306D4721,0a:b4:b1:03:f8:e9,-61,5745,0,[],0,2026-06-02T14:52:46.127853,0.0,0.0,0.0
585,M&M Lodge,24:e5:0f:4a:7f:28,-81,2412,0,[4],0,2026-06-02T14:52:46.127939,0.0,0.0,0.0
586,M&M Lodge,24:e5:0f:4a:91:16,-49,2437,0,[4],0,2026-06-02T14:52:46.128023,0.0,0.0,0.0
587,M&M Lodge,24:e5:0f:4a:76:6d,-55,2412,0,[4],0,2026-06-02T14:52:46.128108,0.0,0.0,0.0
588,WACFan_8ADA98,10:97:bd:8a:da:99,-74,2412,0,[4],0,2026-06-02T14:52:46.128191,0.0,0.0,0.0
589,GDSH,c6:33:7c:c6:8f:b3,-75,2462,0,[],0,2026-06-02T14:52:46.128272,0.0,0.0,0.0
590,Vranes Backyard Starlink,62:1a:11:3d:e6:16,-89,5805,0,[4],0,2026-06-02T14:52:46.128356,0.0,0.0,0.0
591,Vranes Backyard Starlink,62:1a:11:2d:e6:16,-66,2462,0,[4],0,2026-06-02T14:52:46.128440,0.0,0.0,0.0
592,Brown Hollow 2,8e:a0:2d:21:88:c2,-82,2417,0,[4],0,2026-06-02T14:52:46.128659,0.0,0.0,0.0
593,Vranes Home Starlink,6e:42:4e:2b:01:f3,-49,2437,0,[4],0,2026-06-02T14:52:46.128750,0.0,0.0,0.0
594,Stupacalypse Now,06:99:12:28:1b:63,-78,2437,0,[4],0,2026-06-02T14:52:46.128840,0.0,0.0,0.0
595,,62:1a:11:4d:e6:16,-67,2462,0,[4],0,2026-06-02T14:52:46.128924,0.0,0.0,0.0
596,Brown Hollow 2,8e:a0:2d:21:88:c6,-68,2417,0,[4],0,2026-06-02T14:52:46.129008,0.0,0.0,0.0
597,,6e:42:4e:7b:01:f3,-76,5765,0,[4],0,2026-06-02T14:52:46.129089,0.0,0.0,0.0
598,Vranes Home Starlink,6e:42:4e:4b:01:f3,-76,5765,0,[4],0,2026-06-02T14:52:46.129174,0.0,0.0,0.0
599,,8c:90:2d:21:88:c6,-73,2417,0,[4],0,2026-06-02T14:52:46.129260,0.0,0.0,0.0
600,,06:99:12:88:1b:63,-88,2437,0,[4],0,2026-06-02T14:52:46.129349,0.0,0.0,0.0
601,,6e:42:4e:5b:01:f3,-50,2437,0,[4],0,2026-06-02T14:52:46.129433,0.0,0.0,0.0
602,Wifi2024S,88:ad:43:09:34:08,-87,2412,0,[4],0,2026-06-02T14:52:46.129516,0.0,0.0,0.0
603,Simon,3c:7c:3f:97:3a:4c,-90,5200,0,[4],0,2026-06-02T14:52:46.129633,0.0,0.0,0.0
604,,8c:90:2d:21:88:ca,-75,2417,0,[4],0,2026-06-02T14:52:46.129716,0.0,0.0,0.0
605,,a2:ad:43:09:34:08,-89,2412,0,[],0,2026-06-02T14:52:46.129796,0.0,0.0,0.0
606,,6e:42:4e:6b:01:f3,-76,5220,0,[4],0,2026-06-02T14:52:46.129878,0.0,0.0,0.0
607,Vranes Home Starlink,6e:42:4e:3b:01:f3,-76,5220,0,[4],0,2026-06-02T14:52:46.129961,0.0,0.0,0.0
608,Stunami Internet,c8:7f:54:49:c1:68,-69,2452,0,[4],0,2026-06-02T14:52:46.130044,0.0,0.0,0.0
609,Simon,3c:7c:3f:97:3a:48,-84,2447,0,[4],0,2026-06-02T14:52:46.130127,0.0,0.0,0.0
610,,6e:42:4e:8b:01:f3,-48,2437,0,[4],0,2026-06-02T14:52:46.130209,0.0,0.0,0.0
611,,62:1a:11:6d:e6:16,-61,2462,0,[4],0,2026-06-02T14:52:46.130292,0.0,0.0,0.0
612,,8c:90:2d:21:88:c2,-80,2417,0,[4],0,2026-06-02T14:52:46.130374,0.0,0.0,0.0
613,TMOBILE-574E,18:60:41:4e:57:50,-82,2422,0,[4],0,2026-06-02T14:52:46.130457,0.0,0.0,0.0
614,,62:1a:11:5d:e6:16,-89,5805,0,[4],0,2026-06-02T14:52:46.130598,0.0,0.0,0.0
615,Trump2024,e2:db:d1:cb:76:f1,-87,2412,0,[4],0,2026-06-02T14:52:46.130688,0.0,0.0,0.0
616,,e2:db:d1:cb:76:f6,-87,2412,0,[3],0,2026-06-02T14:52:46.130775,0.0,0.0,0.0
617,Brown Hollow 2,8e:a0:2d:21:88:ca,-81,2417,0,[4],0,2026-06-02T14:52:46.130861,0.0,0.0,0.0
618,,1a:60:41:7e:57:50,-83,2422,0,[4],0,2026-06-02T14:52:46.130945,0.0,0.0,0.0
619,[LG_Oven]aab8,22:28:bc:e6:aa:b8,-92,2462,0,[4],0,2026-06-02T14:52:46.131029,0.0,0.0,0.0
620,Verizon_XLRTM9,dc:4b:a1:e0:5e:9d,-90,2437,0,[4],0,2026-06-02T14:52:46.131113,0.0,0.0,0.0
621,XFSETUP-B3D8,be:58:5d:2e:3d:a8,-86,2412,0,[4],0,2026-06-02T14:52:46.131196,0.0,0.0,0.0
622,M&M Lodge,24:e5:0f:4a:91:1a,-68,5745,0,[4],0,2026-06-02T14:53:39.180282,0.0,0.0,0.0
623,M&M Lodge,24:e5:0f:4a:7f:2c,-87,5745,0,[4],0,2026-06-02T14:53:39.180662,0.0,0.0,0.0
624,M&M Lodge,24:e5:0f:4a:76:71,-79,5745,0,[4],0,2026-06-02T14:53:39.180705,0.0,0.0,0.0
625,306D4721,0a:b4:b1:03:f8:e9,-61,5745,0,[],0,2026-06-02T14:53:39.180741,0.0,0.0,0.0
626,M&M Lodge,24:e5:0f:4a:7f:28,-68,2412,0,[4],0,2026-06-02T14:53:39.180778,0.0,0.0,0.0
627,M&M Lodge,24:e5:0f:4a:91:16,-80,2437,0,[4],0,2026-06-02T14:53:39.180814,0.0,0.0,0.0
628,M&M Lodge,24:e5:0f:4a:76:6d,-57,2412,0,[4],0,2026-06-02T14:53:39.180849,0.0,0.0,0.0
629,WACFan_8ADA98,10:97:bd:8a:da:99,-75,2412,0,[4],0,2026-06-02T14:53:39.180885,0.0,0.0,0.0
630,GDSH,c6:33:7c:c6:8f:b3,-73,2462,0,[],0,2026-06-02T14:53:39.180919,0.0,0.0,0.0
631,Vranes Backyard Starlink,62:1a:11:3d:e6:16,-89,5805,0,[4],0,2026-06-02T14:53:39.180954,0.0,0.0,0.0
632,Vranes Backyard Starlink,62:1a:11:2d:e6:16,-66,2462,0,[4],0,2026-06-02T14:53:39.180990,0.0,0.0,0.0
633,Vranes Home Starlink,6e:42:4e:2b:01:f3,-56,2437,0,[4],0,2026-06-02T14:53:39.181025,0.0,0.0,0.0
634,Stupacalypse Now,06:99:12:28:1b:63,-81,2437,0,[4],0,2026-06-02T14:53:39.181060,0.0,0.0,0.0
635,,62:1a:11:4d:e6:16,-67,2462,0,[4],0,2026-06-02T14:53:39.181095,0.0,0.0,0.0
636,Brown Hollow 2,8e:a0:2d:21:88:c6,-69,2417,0,[4],0,2026-06-02T14:53:39.181131,0.0,0.0,0.0
637,,6e:42:4e:7b:01:f3,-75,5765,0,[4],0,2026-06-02T14:53:39.181166,0.0,0.0,0.0
638,Vranes Home Starlink,6e:42:4e:4b:01:f3,-75,5765,0,[4],0,2026-06-02T14:53:39.181201,0.0,0.0,0.0
639,,8c:90:2d:21:88:c6,-76,2417,0,[4],0,2026-06-02T14:53:39.181236,0.0,0.0,0.0
640,,6e:42:4e:5b:01:f3,-50,2437,0,[4],0,2026-06-02T14:53:39.181271,0.0,0.0,0.0
641,,8c:90:2d:21:88:ca,-80,2417,0,[4],0,2026-06-02T14:53:39.181306,0.0,0.0,0.0
642,,a2:ad:43:09:34:08,-89,2412,0,[],0,2026-06-02T14:53:39.181340,0.0,0.0,0.0
643,,6e:42:4e:6b:01:f3,-76,5220,0,[4],0,2026-06-02T14:53:39.181373,0.0,0.0,0.0
644,Vranes Home Starlink,6e:42:4e:3b:01:f3,-77,5220,0,[4],0,2026-06-02T14:53:39.181408,0.0,0.0,0.0
645,Stunami Internet,c8:7f:54:49:c1:68,-73,2452,0,[4],0,2026-06-02T14:53:39.181443,0.0,0.0,0.0
646,Simon,3c:7c:3f:97:3a:48,-84,2447,0,[4],0,2026-06-02T14:53:39.181518,0.0,0.0,0.0
647,,6e:42:4e:8b:01:f3,-48,2437,0,[4],0,2026-06-02T14:53:39.181572,0.0,0.0,0.0
648,,8c:90:2d:21:88:c2,-84,2417,0,[4],0,2026-06-02T14:53:39.181608,0.0,0.0,0.0
649,TMOBILE-574E,18:60:41:4e:57:50,-81,2422,0,[4],0,2026-06-02T14:53:39.181643,0.0,0.0,0.0
650,,62:1a:11:5d:e6:16,-89,5805,0,[4],0,2026-06-02T14:53:39.181678,0.0,0.0,0.0
651,Trump2024,e2:db:d1:cb:76:f1,-87,2412,0,[4],0,2026-06-02T14:53:39.181713,0.0,0.0,0.0
652,,e2:db:d1:cb:76:f6,-87,2412,0,[3],0,2026-06-02T14:53:39.181748,0.0,0.0,0.0
653,Brown Hollow 2,8e:a0:2d:21:88:ca,-80,2417,0,[4],0,2026-06-02T14:53:39.181783,0.0,0.0,0.0
654,,1a:60:41:7e:57:50,-82,2422,0,[4],0,2026-06-02T14:53:39.181818,0.0,0.0,0.0
655,[LG_Oven]aab8,22:28:bc:e6:aa:b8,-92,2462,0,[4],0,2026-06-02T14:53:39.181853,0.0,0.0,0.0
656,Verizon_XLRTM9,dc:4b:a1:e0:5e:9d,-90,2437,0,[4],0,2026-06-02T14:53:39.181888,0.0,0.0,0.0
657,XFSETUP-B3D8,be:58:5d:2e:3d:a8,-86,2412,0,[4],0,2026-06-02T14:53:39.181923,0.0,0.0,0.0
658,,06:99:12:58:1b:63,-79,2437,0,[4],0,2026-06-02T14:53:39.181958,0.0,0.0,0.0
659,Huish,1a:60:41:1e:57:50,-81,2422,0,[4],0,2026-06-02T14:53:39.181992,0.0,0.0,0.0
660,,72:cd:d6:d3:c2:31,-92,2427,0,[4],0,2026-06-02T14:53:39.182027,0.0,0.0,0.0
661,M&M Lodge,24:e5:0f:4a:91:1a,-69,5745,0,[4],0,2026-06-02T14:54:32.227997,0.0,0.0,0.0
662,M&M Lodge,24:e5:0f:4a:7f:2c,-87,5745,0,[4],0,2026-06-02T14:54:32.228359,0.0,0.0,0.0
663,M&M Lodge,24:e5:0f:4a:76:71,-80,5745,0,[4],0,2026-06-02T14:54:32.228402,0.0,0.0,0.0
664,306D4721,0a:b4:b1:03:f8:e9,-61,5745,0,[],0,2026-06-02T14:54:32.228438,0.0,0.0,0.0
665,M&M Lodge,24:e5:0f:4a:7f:28,-67,2412,0,[4],0,2026-06-02T14:54:32.228474,0.0,0.0,0.0
666,M&M Lodge,24:e5:0f:4a:91:16,-49,2437,0,[4],0,2026-06-02T14:54:32.228513,0.0,0.0,0.0
667,M&M Lodge,24:e5:0f:4a:76:6d,-59,2412,0,[4],0,2026-06-02T14:54:32.228581,0.0,0.0,0.0
668,WACFan_8ADA98,10:97:bd:8a:da:99,-75,2412,0,[4],0,2026-06-02T14:54:32.228618,0.0,0.0,0.0
669,GDSH,c6:33:7c:c6:8f:b3,-75,2462,0,[],0,2026-06-02T14:54:32.228652,0.0,0.0,0.0
670,Vranes Backyard Starlink,62:1a:11:3d:e6:16,-86,5805,0,[4],0,2026-06-02T14:54:32.228687,0.0,0.0,0.0
671,Vranes Backyard Starlink,62:1a:11:2d:e6:16,-63,2462,0,[4],0,2026-06-02T14:54:32.228722,0.0,0.0,0.0
672,Vranes Home Starlink,6e:42:4e:2b:01:f3,-51,2437,0,[4],0,2026-06-02T14:54:32.228757,0.0,0.0,0.0
673,Stupacalypse Now,06:99:12:28:1b:63,-81,2437,0,[4],0,2026-06-02T14:54:32.228792,0.0,0.0,0.0
674,Brown Hollow 2,8e:a0:2d:21:88:c6,-69,2417,0,[4],0,2026-06-02T14:54:32.228827,0.0,0.0,0.0
675,,6e:42:4e:7b:01:f3,-74,5765,0,[4],0,2026-06-02T14:54:32.228862,0.0,0.0,0.0
676,Vranes Home Starlink,6e:42:4e:4b:01:f3,-74,5765,0,[4],0,2026-06-02T14:54:32.228897,0.0,0.0,0.0
677,,8c:90:2d:21:88:c6,-76,2417,0,[4],0,2026-06-02T14:54:32.228932,0.0,0.0,0.0
678,,6e:42:4e:5b:01:f3,-52,2437,0,[4],0,2026-06-02T14:54:32.228967,0.0,0.0,0.0
679,,8c:90:2d:21:88:ca,-80,2417,0,[4],0,2026-06-02T14:54:32.229002,0.0,0.0,0.0
680,,a2:ad:43:09:34:08,-89,2412,0,[],0,2026-06-02T14:54:32.229035,0.0,0.0,0.0
681,,6e:42:4e:6b:01:f3,-75,5220,0,[4],0,2026-06-02T14:54:32.229069,0.0,0.0,0.0
682,Vranes Home Starlink,6e:42:4e:3b:01:f3,-75,5220,0,[4],0,2026-06-02T14:54:32.229104,0.0,0.0,0.0
683,Stunami Internet,c8:7f:54:49:c1:68,-74,2452,0,[4],0,2026-06-02T14:54:32.229139,0.0,0.0,0.0
684,Simon,3c:7c:3f:97:3a:48,-78,2447,0,[4],0,2026-06-02T14:54:32.229174,0.0,0.0,0.0
685,,6e:42:4e:8b:01:f3,-51,2437,0,[4],0,2026-06-02T14:54:32.229209,0.0,0.0,0.0
686,,8c:90:2d:21:88:c2,-84,2417,0,[4],0,2026-06-02T14:54:32.229243,0.0,0.0,0.0
687,TMOBILE-574E,18:60:41:4e:57:50,-81,2422,0,[4],0,2026-06-02T14:54:32.229278,0.0,0.0,0.0
688,,62:1a:11:5d:e6:16,-87,5805,0,[4],0,2026-06-02T14:54:32.229313,0.0,0.0,0.0
689,Trump2024,e2:db:d1:cb:76:f1,-87,2412,0,[4],0,2026-06-02T14:54:32.229348,0.0,0.0,0.0
690,,e2:db:d1:cb:76:f6,-87,2412,0,[3],0,2026-06-02T14:54:32.229382,0.0,0.0,0.0
691,Brown Hollow 2,8e:a0:2d:21:88:ca,-79,2417,0,[4],0,2026-06-02T14:54:32.229417,0.0,0.0,0.0
692,,1a:60:41:7e:57:50,-82,2422,0,[4],0,2026-06-02T14:54:32.229452,0.0,0.0,0.0
693,[LG_Oven]aab8,22:28:bc:e6:aa:b8,-93,2462,0,[4],0,2026-06-02T14:54:32.229485,0.0,0.0,0.0
694,XFSETUP-B3D8,be:58:5d:2e:3d:a8,-90,2412,0,[4],0,2026-06-02T14:54:32.229519,0.0,0.0,0.0
695,,06:99:12:58:1b:63,-79,2437,0,[4],0,2026-06-02T14:54:32.229583,0.0,0.0,0.0
696,Huish,1a:60:41:1e:57:50,-81,2422,0,[4],0,2026-06-02T14:54:32.229620,0.0,0.0,0.0
697,,72:cd:d6:d3:c2:31,-92,2427,0,[4],0,2026-06-02T14:54:32.229655,0.0,0.0,0.0
698,,62:1a:11:6d:e6:16,-70,2462,0,[4],0,2026-06-02T14:54:32.229690,0.0,0.0,0.0
699,Brown Hollow 2,8e:a0:2d:21:88:c2,-77,2417,0,[4],0,2026-06-02T14:54:32.229723,0.0,0.0,0.0
700,ASUS_2G_Guest,3c:7c:3f:97:3a:49,-84,2447,0,[4],0,2026-06-02T14:54:32.229809,0.0,0.0,0.0
701,Simon,3c:7c:3f:97:3a:4c,-90,5200,0,[4],0,2026-06-02T14:54:32.229846,0.0,0.0,0.0
702,,06:99:12:88:1b:63,-88,2437,0,[4],0,2026-06-02T14:54:32.229881,0.0,0.0,0.0
703,M&M Lodge,24:e5:0f:4a:91:1a,-69,5745,0,[4],0,2026-06-02T14:55:25.279256,0.0,0.0,0.0
704,M&M Lodge,24:e5:0f:4a:7f:2c,-87,5745,0,[4],0,2026-06-02T14:55:25.279949,0.0,0.0,0.0
705,M&M Lodge,24:e5:0f:4a:76:71,-83,5745,0,[4],0,2026-06-02T14:55:25.279999,0.0,0.0,0.0
706,306D4721,0a:b4:b1:03:f8:e9,-61,5745,0,[],0,2026-06-02T14:55:25.280035,0.0,0.0,0.0
707,M&M Lodge,24:e5:0f:4a:7f:28,-58,2412,0,[4],0,2026-06-02T14:55:25.280071,0.0,0.0,0.0
708,M&M Lodge,24:e5:0f:4a:91:16,-50,2437,0,[4],0,2026-06-02T14:55:25.280107,0.0,0.0,0.0
709,M&M Lodge,24:e5:0f:4a:76:6d,-56,2412,0,[4],0,2026-06-02T14:55:25.280142,0.0,0.0,0.0
710,WACFan_8ADA98,10:97:bd:8a:da:99,-76,2412,0,[4],0,2026-06-02T14:55:25.280177,0.0,0.0,0.0
711,GDSH,c6:33:7c:c6:8f:b3,-68,2462,0,[],0,2026-06-02T14:55:25.280211,0.0,0.0,0.0
712,Vranes Backyard Starlink,62:1a:11:3d:e6:16,-87,5805,0,[4],0,2026-06-02T14:55:25.280246,0.0,0.0,0.0
713,Vranes Backyard Starlink,62:1a:11:2d:e6:16,-64,2462,0,[4],0,2026-06-02T14:55:25.280281,0.0,0.0,0.0
714,Vranes Home Starlink,6e:42:4e:2b:01:f3,-54,2437,0,[4],0,2026-06-02T14:55:25.280316,0.0,0.0,0.0
715,Stupacalypse Now,06:99:12:28:1b:63,-81,2437,0,[4],0,2026-06-02T14:55:25.280351,0.0,0.0,0.0
716,Brown Hollow 2,8e:a0:2d:21:88:c6,-69,2417,0,[4],0,2026-06-02T14:55:25.280386,0.0,0.0,0.0
717,,6e:42:4e:7b:01:f3,-74,5765,0,[4],0,2026-06-02T14:55:25.280421,0.0,0.0,0.0
718,Vranes Home Starlink,6e:42:4e:4b:01:f3,-73,5765,0,[4],0,2026-06-02T14:55:25.280457,0.0,0.0,0.0
719,,8c:90:2d:21:88:c6,-75,2417,0,[4],0,2026-06-02T14:55:25.280492,0.0,0.0,0.0
720,,6e:42:4e:5b:01:f3,-52,2437,0,[4],0,2026-06-02T14:55:25.280554,0.0,0.0,0.0
721,,8c:90:2d:21:88:ca,-80,2417,0,[4],0,2026-06-02T14:55:25.280590,0.0,0.0,0.0
722,,6e:42:4e:6b:01:f3,-75,5220,0,[4],0,2026-06-02T14:55:25.280625,0.0,0.0,0.0
723,Vranes Home Starlink,6e:42:4e:3b:01:f3,-75,5220,0,[4],0,2026-06-02T14:55:25.280660,0.0,0.0,0.0
724,Stunami Internet,c8:7f:54:49:c1:68,-74,2452,0,[4],0,2026-06-02T14:55:25.280699,0.0,0.0,0.0
725,Simon,3c:7c:3f:97:3a:48,-78,2447,0,[4],0,2026-06-02T14:55:25.280731,0.0,0.0,0.0
726,,6e:42:4e:8b:01:f3,-51,2437,0,[4],0,2026-06-02T14:55:25.280762,0.0,0.0,0.0
727,,8c:90:2d:21:88:c2,-84,2417,0,[4],0,2026-06-02T14:55:25.280794,0.0,0.0,0.0
728,,62:1a:11:5d:e6:16,-86,5805,0,[4],0,2026-06-02T14:55:25.280826,0.0,0.0,0.0
729,Brown Hollow 2,8e:a0:2d:21:88:ca,-75,2417,0,[4],0,2026-06-02T14:55:25.280858,0.0,0.0,0.0
730,[LG_Oven]aab8,22:28:bc:e6:aa:b8,-93,2462,0,[4],0,2026-06-02T14:55:25.280889,0.0,0.0,0.0
731,XFSETUP-B3D8,be:58:5d:2e:3d:a8,-90,2412,0,[4],0,2026-06-02T14:55:25.280921,0.0,0.0,0.0
732,,06:99:12:58:1b:63,-79,2437,0,[4],0,2026-06-02T14:55:25.280953,0.0,0.0,0.0
733,,62:1a:11:6d:e6:16,-70,2462,0,[4],0,2026-06-02T14:55:25.280985,0.0,0.0,0.0
734,Brown Hollow 2,8e:a0:2d:21:88:c2,-77,2417,0,[4],0,2026-06-02T14:55:25.281016,0.0,0.0,0.0
735,ASUS_2G_Guest,3c:7c:3f:97:3a:49,-84,2447,0,[4],0,2026-06-02T14:55:25.281048,0.0,0.0,0.0
736,Simon,3c:7c:3f:97:3a:4c,-90,5200,0,[4],0,2026-06-02T14:55:25.281080,0.0,0.0,0.0
737,,06:99:12:88:1b:63,-88,2437,0,[4],0,2026-06-02T14:55:25.281112,0.0,0.0,0.0
738,M&M Lodge,24:e5:0f:4a:91:1a,-69,5745,0,[4],0,2026-06-02T14:56:18.327931,0.0,0.0,0.0
739,M&M Lodge,24:e5:0f:4a:7f:2c,-88,5745,0,[4],0,2026-06-02T14:56:18.328301,0.0,0.0,0.0
740,M&M Lodge,24:e5:0f:4a:76:71,-80,5745,0,[4],0,2026-06-02T14:56:18.328344,0.0,0.0,0.0
741,306D4721,0a:b4:b1:03:f8:e9,-61,5745,0,[],0,2026-06-02T14:56:18.328378,0.0,0.0,0.0
742,M&M Lodge,24:e5:0f:4a:7f:28,-65,2412,0,[4],0,2026-06-02T14:56:18.328417,0.0,0.0,0.0
743,M&M Lodge,24:e5:0f:4a:91:16,-48,2437,0,[4],0,2026-06-02T14:56:18.328452,0.0,0.0,0.0
744,M&M Lodge,24:e5:0f:4a:76:6d,-56,2412,0,[4],0,2026-06-02T14:56:18.328488,0.0,0.0,0.0
745,WACFan_8ADA98,10:97:bd:8a:da:99,-80,2412,0,[4],0,2026-06-02T14:56:18.328572,0.0,0.0,0.0
746,GDSH,c6:33:7c:c6:8f:b3,-67,2462,0,[],0,2026-06-02T14:56:18.328667,0.0,0.0,0.0
747,Vranes Backyard Starlink,62:1a:11:3d:e6:16,-86,5805,0,[4],0,2026-06-02T14:56:18.328704,0.0,0.0,0.0
748,Vranes Backyard Starlink,62:1a:11:2d:e6:16,-100,2462,0,[4],0,2026-06-02T14:56:18.328738,0.0,0.0,0.0
749,Vranes Home Starlink,6e:42:4e:2b:01:f3,-55,2437,0,[4],0,2026-06-02T14:56:18.328773,0.0,0.0,0.0
750,Stupacalypse Now,06:99:12:28:1b:63,-81,2437,0,[4],0,2026-06-02T14:56:18.328809,0.0,0.0,0.0
751,Brown Hollow 2,8e:a0:2d:21:88:c6,-69,2417,0,[4],0,2026-06-02T14:56:18.328844,0.0,0.0,0.0
752,,6e:42:4e:7b:01:f3,-75,5765,0,[4],0,2026-06-02T14:56:18.328880,0.0,0.0,0.0
753,Vranes Home Starlink,6e:42:4e:4b:01:f3,-74,5765,0,[4],0,2026-06-02T14:56:18.328968,0.0,0.0,0.0
754,,8c:90:2d:21:88:c6,-75,2417,0,[4],0,2026-06-02T14:56:18.329005,0.0,0.0,0.0
755,,6e:42:4e:5b:01:f3,-49,2437,0,[4],0,2026-06-02T14:56:18.329040,0.0,0.0,0.0
756,,8c:90:2d:21:88:ca,-77,2417,0,[4],0,2026-06-02T14:56:18.329076,0.0,0.0,0.0
757,,6e:42:4e:6b:01:f3,-76,5220,0,[4],0,2026-06-02T14:56:18.329111,0.0,0.0,0.0
758,Vranes Home Starlink,6e:42:4e:3b:01:f3,-76,5220,0,[4],0,2026-06-02T14:56:18.329146,0.0,0.0,0.0
759,Stunami Internet,c8:7f:54:49:c1:68,-74,2452,0,[4],0,2026-06-02T14:56:18.329181,0.0,0.0,0.0
760,,6e:42:4e:8b:01:f3,-92,2437,0,[4],0,2026-06-02T14:56:18.329216,0.0,0.0,0.0
761,,8c:90:2d:21:88:c2,-82,2417,0,[4],0,2026-06-02T14:56:18.329251,0.0,0.0,0.0
762,,62:1a:11:5d:e6:16,-86,5805,0,[4],0,2026-06-02T14:56:18.329287,0.0,0.0,0.0
763,Brown Hollow 2,8e:a0:2d:21:88:ca,-76,2417,0,[4],0,2026-06-02T14:56:18.329322,0.0,0.0,0.0
764,,06:99:12:58:1b:63,-79,2437,0,[4],0,2026-06-02T14:56:18.329357,0.0,0.0,0.0
765,Brown Hollow 2,8e:a0:2d:21:88:c2,-77,2417,0,[4],0,2026-06-02T14:56:18.329390,0.0,0.0,0.0
766,Simon,3c:7c:3f:97:3a:4c,-90,5200,0,[4],0,2026-06-02T14:56:18.329425,0.0,0.0,0.0
767,,06:99:12:88:1b:63,-88,2437,0,[4],0,2026-06-02T14:56:18.329460,0.0,0.0,0.0
768,M&M Lodge,24:e5:0f:4a:91:1a,-69,5745,0,[4],0,2026-06-02T14:57:11.376218,0.0,0.0,0.0
769,M&M Lodge,24:e5:0f:4a:7f:2c,-87,5745,0,[4],0,2026-06-02T14:57:11.376595,0.0,0.0,0.0
770,M&M Lodge,24:e5:0f:4a:76:71,-81,5745,0,[4],0,2026-06-02T14:57:11.376641,0.0,0.0,0.0
771,306D4721,0a:b4:b1:03:f8:e9,-61,5745,0,[],0,2026-06-02T14:57:11.376677,0.0,0.0,0.0
772,M&M Lodge,24:e5:0f:4a:7f:28,-65,2412,0,[4],0,2026-06-02T14:57:11.376711,0.0,0.0,0.0
773,M&M Lodge,24:e5:0f:4a:91:16,-48,2437,0,[4],0,2026-06-02T14:57:11.376746,0.0,0.0,0.0
774,M&M Lodge,24:e5:0f:4a:76:6d,-57,2412,0,[4],0,2026-06-02T14:57:11.376782,0.0,0.0,0.0
775,WACFan_8ADA98,10:97:bd:8a:da:99,-79,2412,0,[4],0,2026-06-02T14:57:11.376817,0.0,0.0,0.0
776,GDSH,c6:33:7c:c6:8f:b3,-68,2462,0,[],0,2026-06-02T14:57:11.376850,0.0,0.0,0.0
777,Vranes Backyard Starlink,62:1a:11:3d:e6:16,-86,5805,0,[4],0,2026-06-02T14:57:11.376885,0.0,0.0,0.0
778,Vranes Backyard Starlink,62:1a:11:2d:e6:16,-64,2462,0,[4],0,2026-06-02T14:57:11.376920,0.0,0.0,0.0
779,Vranes Home Starlink,6e:42:4e:2b:01:f3,-50,2437,0,[4],0,2026-06-02T14:57:11.376955,0.0,0.0,0.0
780,Stupacalypse Now,06:99:12:28:1b:63,-77,2437,0,[4],0,2026-06-02T14:57:11.376990,0.0,0.0,0.0
781,Brown Hollow 2,8e:a0:2d:21:88:c6,-69,2417,0,[4],0,2026-06-02T14:57:11.377024,0.0,0.0,0.0
782,,6e:42:4e:7b:01:f3,-75,5765,0,[4],0,2026-06-02T14:57:11.377059,0.0,0.0,0.0
783,Vranes Home Starlink,6e:42:4e:4b:01:f3,-74,5765,0,[4],0,2026-06-02T14:57:11.377094,0.0,0.0,0.0
784,,6e:42:4e:5b:01:f3,-49,2437,0,[4],0,2026-06-02T14:57:11.377128,0.0,0.0,0.0
785,,8c:90:2d:21:88:ca,-77,2417,0,[4],0,2026-06-02T14:57:11.377163,0.0,0.0,0.0
786,,6e:42:4e:6b:01:f3,-76,5220,0,[4],0,2026-06-02T14:57:11.377198,0.0,0.0,0.0
787,Vranes Home Starlink,6e:42:4e:3b:01:f3,-76,5220,0,[4],0,2026-06-02T14:57:11.377232,0.0,0.0,0.0
788,Stunami Internet,c8:7f:54:49:c1:68,-83,2452,0,[4],0,2026-06-02T14:57:11.377267,0.0,0.0,0.0
789,,6e:42:4e:8b:01:f3,-92,2437,0,[4],0,2026-06-02T14:57:11.377301,0.0,0.0,0.0
790,,8c:90:2d:21:88:c2,-82,2417,0,[4],0,2026-06-02T14:57:11.377336,0.0,0.0,0.0
791,,62:1a:11:5d:e6:16,-86,5805,0,[4],0,2026-06-02T14:57:11.377371,0.0,0.0,0.0
792,Brown Hollow 2,8e:a0:2d:21:88:ca,-78,2417,0,[4],0,2026-06-02T14:57:11.377405,0.0,0.0,0.0
793,Brown Hollow 2,8e:a0:2d:21:88:c2,-81,2417,0,[4],0,2026-06-02T14:57:11.377440,0.0,0.0,0.0
794,Simon,3c:7c:3f:97:3a:4c,-91,5200,0,[4],0,2026-06-02T14:57:11.377475,0.0,0.0,0.0
795,,06:99:12:88:1b:63,-88,2437,0,[4],0,2026-06-02T14:57:11.377509,0.0,0.0,0.0
796,,62:1a:11:6d:e6:16,-66,2462,0,[4],0,2026-06-02T14:57:11.377571,0.0,0.0,0.0
797,,62:1a:11:4d:e6:16,-68,2462,0,[4],0,2026-06-02T14:57:11.377607,0.0,0.0,0.0
798,XFSETUP-B3D8,be:58:5d:2e:3d:a8,-87,2412,0,[4],0,2026-06-02T14:57:11.377642,0.0,0.0,0.0
799,Simon,3c:7c:3f:97:3a:48,-88,2447,0,[4],0,2026-06-02T14:57:11.377677,0.0,0.0,0.0
800,,ae:58:5d:2e:3d:a8,-91,2412,0,[4],0,2026-06-02T14:57:11.377710,0.0,0.0,0.0
801,[LG_Oven]aab8,22:28:bc:e6:aa:b8,-92,2462,0,[4],0,2026-06-02T14:57:11.377744,0.0,0.0,0.0
802,M&M Lodge,24:e5:0f:4a:91:1a,-69,5745,0,[4],0,2026-06-02T14:58:04.420480,0.0,0.0,0.0
803,M&M Lodge,24:e5:0f:4a:7f:2c,-89,5745,0,[4],0,2026-06-02T14:58:04.420860,0.0,0.0,0.0
804,M&M Lodge,24:e5:0f:4a:76:71,-81,5745,0,[4],0,2026-06-02T14:58:04.420904,0.0,0.0,0.0
805,306D4721,0a:b4:b1:03:f8:e9,-61,5745,0,[],0,2026-06-02T14:58:04.420940,0.0,0.0,0.0
806,M&M Lodge,24:e5:0f:4a:7f:28,-76,2412,0,[4],0,2026-06-02T14:58:04.420976,0.0,0.0,0.0
807,M&M Lodge,24:e5:0f:4a:91:16,-50,2437,0,[4],0,2026-06-02T14:58:04.421049,0.0,0.0,0.0
808,M&M Lodge,24:e5:0f:4a:76:6d,-57,2412,0,[4],0,2026-06-02T14:58:04.421086,0.0,0.0,0.0
809,WACFan_8ADA98,10:97:bd:8a:da:99,-77,2412,0,[4],0,2026-06-02T14:58:04.421122,0.0,0.0,0.0
810,GDSH,c6:33:7c:c6:8f:b3,-73,2462,0,[],0,2026-06-02T14:58:04.421156,0.0,0.0,0.0
811,Vranes Backyard Starlink,62:1a:11:3d:e6:16,-87,5805,0,[4],0,2026-06-02T14:58:04.421192,0.0,0.0,0.0
812,Vranes Backyard Starlink,62:1a:11:2d:e6:16,-68,2462,0,[4],0,2026-06-02T14:58:04.421227,0.0,0.0,0.0
813,Vranes Home Starlink,6e:42:4e:2b:01:f3,-50,2437,0,[4],0,2026-06-02T14:58:04.421262,0.0,0.0,0.0
814,Stupacalypse Now,06:99:12:28:1b:63,-74,2437,0,[4],0,2026-06-02T14:58:04.421298,0.0,0.0,0.0
815,Brown Hollow 2,8e:a0:2d:21:88:c6,-71,2417,0,[4],0,2026-06-02T14:58:04.421333,0.0,0.0,0.0
816,,6e:42:4e:7b:01:f3,-74,5765,0,[4],0,2026-06-02T14:58:04.421368,0.0,0.0,0.0
817,Vranes Home Starlink,6e:42:4e:4b:01:f3,-74,5765,0,[4],0,2026-06-02T14:58:04.421403,0.0,0.0,0.0
818,,6e:42:4e:5b:01:f3,-49,2437,0,[4],0,2026-06-02T14:58:04.421439,0.0,0.0,0.0
819,,8c:90:2d:21:88:ca,-84,2417,0,[4],0,2026-06-02T14:58:04.421474,0.0,0.0,0.0
820,,6e:42:4e:6b:01:f3,-76,5220,0,[4],0,2026-06-02T14:58:04.421509,0.0,0.0,0.0
821,Vranes Home Starlink,6e:42:4e:3b:01:f3,-77,5220,0,[4],0,2026-06-02T14:58:04.421565,0.0,0.0,0.0
822,Stunami Internet,c8:7f:54:49:c1:68,-72,2452,0,[4],0,2026-06-02T14:58:04.421604,0.0,0.0,0.0
823,,8c:90:2d:21:88:c2,-82,2417,0,[4],0,2026-06-02T14:58:04.421640,0.0,0.0,0.0
824,,62:1a:11:5d:e6:16,-87,5805,0,[4],0,2026-06-02T14:58:04.421675,0.0,0.0,0.0
825,Brown Hollow 2,8e:a0:2d:21:88:ca,-76,2417,0,[4],0,2026-06-02T14:58:04.421710,0.0,0.0,0.0
826,Brown Hollow 2,8e:a0:2d:21:88:c2,-80,2417,0,[4],0,2026-06-02T14:58:04.421746,0.0,0.0,0.0
827,Simon,3c:7c:3f:97:3a:4c,-91,5200,0,[4],0,2026-06-02T14:58:04.421781,0.0,0.0,0.0
828,,62:1a:11:6d:e6:16,-65,2462,0,[4],0,2026-06-02T14:58:04.421816,0.0,0.0,0.0
829,,62:1a:11:4d:e6:16,-68,2462,0,[4],0,2026-06-02T14:58:04.421851,0.0,0.0,0.0
830,XFSETUP-B3D8,be:58:5d:2e:3d:a8,-87,2412,0,[4],0,2026-06-02T14:58:04.421886,0.0,0.0,0.0
831,Simon,3c:7c:3f:97:3a:48,-88,2447,0,[4],0,2026-06-02T14:58:04.421921,0.0,0.0,0.0
832,,ae:58:5d:2e:3d:a8,-91,2412,0,[4],0,2026-06-02T14:58:04.421956,0.0,0.0,0.0
833,[LG_Oven]aab8,22:28:bc:e6:aa:b8,-92,2462,0,[4],0,2026-06-02T14:58:04.421991,0.0,0.0,0.0
834,Verizon_XLRTM9,dc:4b:a1:e0:5e:9d,-90,2437,0,[4],0,2026-06-02T14:58:04.422026,0.0,0.0,0.0
835,,06:99:12:58:1b:63,-90,2437,0,[4],0,2026-06-02T14:58:04.422061,0.0,0.0,0.0
836,M&M Lodge,24:e5:0f:4a:91:1a,-69,5745,0,[4],0,2026-06-02T14:58:57.466166,0.0,0.0,0.0
837,M&M Lodge,24:e5:0f:4a:7f:2c,-89,5745,0,[4],0,2026-06-02T14:58:57.466518,0.0,0.0,0.0
838,M&M Lodge,24:e5:0f:4a:76:71,-82,5745,0,[4],0,2026-06-02T14:58:57.466595,0.0,0.0,0.0
839,306D4721,0a:b4:b1:03:f8:e9,-61,5745,0,[],0,2026-06-02T14:58:57.466632,0.0,0.0,0.0
840,M&M Lodge,24:e5:0f:4a:7f:28,-67,2412,0,[4],0,2026-06-02T14:58:57.466668,0.0,0.0,0.0
841,M&M Lodge,24:e5:0f:4a:91:16,-46,2437,0,[4],0,2026-06-02T14:58:57.466704,0.0,0.0,0.0
842,M&M Lodge,24:e5:0f:4a:76:6d,-55,2412,0,[4],0,2026-06-02T14:58:57.466739,0.0,0.0,0.0
843,WACFan_8ADA98,10:97:bd:8a:da:99,-77,2412,0,[4],0,2026-06-02T14:58:57.466775,0.0,0.0,0.0
844,GDSH,c6:33:7c:c6:8f:b3,-68,2462,0,[],0,2026-06-02T14:58:57.466809,0.0,0.0,0.0
845,Vranes Backyard Starlink,62:1a:11:3d:e6:16,-86,5805,0,[4],0,2026-06-02T14:58:57.466844,0.0,0.0,0.0
846,Vranes Backyard Starlink,62:1a:11:2d:e6:16,-63,2462,0,[4],0,2026-06-02T14:58:57.466880,0.0,0.0,0.0
847,Vranes Home Starlink,6e:42:4e:2b:01:f3,-55,2437,0,[4],0,2026-06-02T14:58:57.466915,0.0,0.0,0.0
848,Stupacalypse Now,06:99:12:28:1b:63,-78,2437,0,[4],0,2026-06-02T14:58:57.466950,0.0,0.0,0.0
849,Brown Hollow 2,8e:a0:2d:21:88:c6,-69,2417,0,[4],0,2026-06-02T14:58:57.466985,0.0,0.0,0.0
850,,6e:42:4e:7b:01:f3,-74,5765,0,[4],0,2026-06-02T14:58:57.467020,0.0,0.0,0.0
851,Vranes Home Starlink,6e:42:4e:4b:01:f3,-74,5765,0,[4],0,2026-06-02T14:58:57.467055,0.0,0.0,0.0
852,,8c:90:2d:21:88:ca,-84,2417,0,[4],0,2026-06-02T14:58:57.467090,0.0,0.0,0.0
853,,6e:42:4e:6b:01:f3,-74,5220,0,[4],0,2026-06-02T14:58:57.467125,0.0,0.0,0.0
854,Vranes Home Starlink,6e:42:4e:3b:01:f3,-74,5220,0,[4],0,2026-06-02T14:58:57.467158,0.0,0.0,0.0
855,Stunami Internet,c8:7f:54:49:c1:68,-68,2452,0,[4],0,2026-06-02T14:58:57.467196,0.0,0.0,0.0
856,,62:1a:11:5d:e6:16,-87,5805,0,[4],0,2026-06-02T14:58:57.467231,0.0,0.0,0.0
857,Brown Hollow 2,8e:a0:2d:21:88:ca,-74,2417,0,[4],0,2026-06-02T14:58:57.467266,0.0,0.0,0.0
858,Brown Hollow 2,8e:a0:2d:21:88:c2,-80,2417,0,[4],0,2026-06-02T14:58:57.467301,0.0,0.0,0.0
859,,62:1a:11:6d:e6:16,-65,2462,0,[4],0,2026-06-02T14:58:57.467336,0.0,0.0,0.0
860,,62:1a:11:4d:e6:16,-68,2462,0,[4],0,2026-06-02T14:58:57.467410,0.0,0.0,0.0
861,Simon,3c:7c:3f:97:3a:48,-88,2447,0,[4],0,2026-06-02T14:58:57.467447,0.0,0.0,0.0
862,Verizon_XLRTM9,dc:4b:a1:e0:5e:9d,-93,2437,0,[4],0,2026-06-02T14:58:57.467482,0.0,0.0,0.0
863,,06:99:12:58:1b:63,-78,2437,0,[4],0,2026-06-02T14:58:57.467517,0.0,0.0,0.0
864,,8c:90:2d:21:88:c6,-77,2417,0,[4],0,2026-06-02T14:58:57.467586,0.0,0.0,0.0
865,,06:99:12:88:1b:63,-77,2437,0,[4],0,2026-06-02T14:58:57.467621,0.0,0.0,0.0
866,M&M Lodge,24:e5:0f:4a:91:1a,-69,5745,0,[4],0,2026-06-02T14:59:50.511760,0.0,0.0,0.0
867,M&M Lodge,24:e5:0f:4a:7f:2c,-88,5745,0,[4],0,2026-06-02T14:59:50.512108,0.0,0.0,0.0
868,M&M Lodge,24:e5:0f:4a:76:71,-82,5745,0,[4],0,2026-06-02T14:59:50.512150,0.0,0.0,0.0
869,306D4721,0a:b4:b1:03:f8:e9,-61,5745,0,[],0,2026-06-02T14:59:50.512186,0.0,0.0,0.0
870,M&M Lodge,24:e5:0f:4a:7f:28,-65,2412,0,[4],0,2026-06-02T14:59:50.512222,0.0,0.0,0.0
871,M&M Lodge,24:e5:0f:4a:91:16,-51,2437,0,[4],0,2026-06-02T14:59:50.512258,0.0,0.0,0.0
872,M&M Lodge,24:e5:0f:4a:76:6d,-54,2412,0,[4],0,2026-06-02T14:59:50.512293,0.0,0.0,0.0
873,GDSH,c6:33:7c:c6:8f:b3,-74,2462,0,[],0,2026-06-02T14:59:50.512327,0.0,0.0,0.0
874,Vranes Backyard Starlink,62:1a:11:3d:e6:16,-86,5805,0,[4],0,2026-06-02T14:59:50.512365,0.0,0.0,0.0
875,Vranes Backyard Starlink,62:1a:11:2d:e6:16,-66,2462,0,[4],0,2026-06-02T14:59:50.512401,0.0,0.0,0.0
876,Vranes Home Starlink,6e:42:4e:2b:01:f3,-51,2437,0,[4],0,2026-06-02T14:59:50.512436,0.0,0.0,0.0
877,Stupacalypse Now,06:99:12:28:1b:63,-78,2437,0,[4],0,2026-06-02T14:59:50.512472,0.0,0.0,0.0
878,Brown Hollow 2,8e:a0:2d:21:88:c6,-66,2417,0,[4],0,2026-06-02T14:59:50.512507,0.0,0.0,0.0
879,,6e:42:4e:7b:01:f3,-74,5765,0,[4],0,2026-06-02T14:59:50.512587,0.0,0.0,0.0
880,Vranes Home Starlink,6e:42:4e:4b:01:f3,-74,5765,0,[4],0,2026-06-02T14:59:50.512623,0.0,0.0,0.0
881,,8c:90:2d:21:88:ca,-85,2417,0,[4],0,2026-06-02T14:59:50.512659,0.0,0.0,0.0
882,,6e:42:4e:6b:01:f3,-73,5220,0,[4],0,2026-06-02T14:59:50.512695,0.0,0.0,0.0
883,Vranes Home Starlink,6e:42:4e:3b:01:f3,-73,5220,0,[4],0,2026-06-02T14:59:50.512730,0.0,0.0,0.0
884,Stunami Internet,c8:7f:54:49:c1:68,-68,2452,0,[4],0,2026-06-02T14:59:50.512765,0.0,0.0,0.0
885,,62:1a:11:5d:e6:16,-86,5805,0,[4],0,2026-06-02T14:59:50.512800,0.0,0.0,0.0
886,Brown Hollow 2,8e:a0:2d:21:88:ca,-76,2417,0,[4],0,2026-06-02T14:59:50.512836,0.0,0.0,0.0
887,Brown Hollow 2,8e:a0:2d:21:88:c2,-79,2417,0,[4],0,2026-06-02T14:59:50.512871,0.0,0.0,0.0
888,,62:1a:11:6d:e6:16,-65,2462,0,[4],0,2026-06-02T14:59:50.512906,0.0,0.0,0.0
889,,62:1a:11:4d:e6:16,-68,2462,0,[4],0,2026-06-02T14:59:50.512941,0.0,0.0,0.0
890,Verizon_XLRTM9,dc:4b:a1:e0:5e:9d,-90,2437,0,[4],0,2026-06-02T14:59:50.512977,0.0,0.0,0.0
891,,06:99:12:58:1b:63,-78,2437,0,[4],0,2026-06-02T14:59:50.513012,0.0,0.0,0.0
892,,8c:90:2d:21:88:c6,-77,2417,0,[4],0,2026-06-02T14:59:50.513047,0.0,0.0,0.0
893,,06:99:12:88:1b:63,-77,2437,0,[4],0,2026-06-02T14:59:50.513082,0.0,0.0,0.0
894,[LG_Oven]aab8,22:28:bc:e6:aa:b8,-91,2462,0,[4],0,2026-06-02T14:59:50.513117,0.0,0.0,0.0
895,,9e:ad:43:09:34:08,-92,2412,0,"[1, 3]",0,2026-06-02T14:59:50.513153,0.0,0.0,0.0
